time_s,event_type,profile_idx,download_ms,throughput_bps,buffer_s,description
0.000,rebuffer_start,3,0.00,0,0.00,Buffer underrun
2.083,download,3,2083.24,1450221,2.00,Profile 1400 kbps
2.083,profile_change,2,0.00,0,2.00,1400 -> 750 kbps
3.946,download,2,1863.05,812767,2.14,Profile 750 kbps
3.946,profile_change,1,0.00,0,2.14,750 -> 375 kbps
5.940,download,1,1993.56,365742,2.14,Profile 375 kbps
5.940,profile_change,0,0.00,0,2.14,375 -> 235 kbps
7.852,download,0,1912.30,252751,2.23,Profile 235 kbps
9.612,download,0,1760.08,222094,2.47,Profile 235 kbps
11.486,download,0,1874.07,222570,2.60,Profile 235 kbps
13.321,download,0,1835.14,257925,2.76,Profile 235 kbps
15.216,download,0,1894.84,247852,2.87,Profile 235 kbps
17.138,download,0,1922.03,264899,2.94,Profile 235 kbps
18.917,download,0,1778.47,234881,3.17,Profile 235 kbps
20.744,download,0,1827.62,241035,3.34,Profile 235 kbps
22.875,download,0,2130.21,221984,3.21,Profile 235 kbps
24.698,download,0,1823.45,250681,3.39,Profile 235 kbps
26.489,download,0,1790.49,299645,3.59,Profile 235 kbps
28.316,download,0,1827.89,272857,3.77,Profile 235 kbps
30.229,download,0,1912.82,196928,3.85,Profile 235 kbps
32.191,download,0,1962.19,240703,3.89,Profile 235 kbps
33.943,download,0,1751.15,272855,4.14,Profile 235 kbps
35.856,download,0,1913.56,211392,4.23,Profile 235 kbps
37.653,download,0,1797.05,256883,4.43,Profile 235 kbps
39.547,download,0,1893.66,243166,4.54,Profile 235 kbps
41.673,download,0,2125.73,236018,4.41,Profile 235 kbps
43.269,download,0,1596.06,322790,4.81,Profile 235 kbps
45.151,download,0,1882.77,230303,4.93,Profile 235 kbps
47.076,download,0,1925.07,237249,5.01,Profile 235 kbps
48.930,download,0,1853.99,216450,5.15,Profile 235 kbps
50.612,download,0,1681.41,267718,5.47,Profile 235 kbps
52.440,download,0,1828.41,271803,5.64,Profile 235 kbps
54.471,download,0,2030.44,197443,5.61,Profile 235 kbps
56.577,download,0,2106.21,239695,5.51,Profile 235 kbps
58.411,download,0,1834.25,283333,5.67,Profile 235 kbps
60.274,download,0,1863.18,252051,5.81,Profile 235 kbps
62.179,download,0,1904.68,227461,5.90,Profile 235 kbps
63.842,download,0,1662.62,301380,6.24,Profile 235 kbps
65.695,download,0,1853.48,303584,6.39,Profile 235 kbps
67.498,download,0,1802.56,301140,6.59,Profile 235 kbps
69.478,download,0,1980.14,275803,6.61,Profile 235 kbps
71.388,download,0,1910.23,249331,6.70,Profile 235 kbps
73.294,download,0,1906.32,246321,6.79,Profile 235 kbps
75.202,download,0,1908.04,226976,6.88,Profile 235 kbps
77.006,download,0,1803.33,234074,7.08,Profile 235 kbps
78.972,download,0,1966.25,217942,7.11,Profile 235 kbps
80.933,download,0,1961.05,255509,7.15,Profile 235 kbps
82.774,download,0,1841.17,258354,7.31,Profile 235 kbps
84.808,download,0,2033.96,269067,7.28,Profile 235 kbps
86.483,download,0,1674.86,304923,7.60,Profile 235 kbps
88.301,download,0,1817.65,265464,7.78,Profile 235 kbps
90.210,download,0,1909.40,271860,7.87,Profile 235 kbps
92.190,download,0,1980.05,217162,7.89,Profile 235 kbps
93.910,download,0,1720.20,308774,8.17,Profile 235 kbps
95.806,download,0,1895.79,243377,8.28,Profile 235 kbps
97.714,download,0,1908.01,224846,8.37,Profile 235 kbps
99.613,download,0,1899.10,272192,8.47,Profile 235 kbps
101.372,download,0,1759.13,244261,8.71,Profile 235 kbps
103.243,download,0,1870.67,297601,8.84,Profile 235 kbps
105.021,download,0,1778.29,282302,9.06,Profile 235 kbps
106.739,download,0,1717.96,296537,9.34,Profile 235 kbps
108.597,download,0,1858.01,253962,9.49,Profile 235 kbps
110.497,download,0,1899.29,210049,9.59,Profile 235 kbps
112.435,download,0,1938.12,221791,9.65,Profile 235 kbps
114.181,download,0,1746.03,279972,9.90,Profile 235 kbps
116.232,download,0,2051.53,238835,9.85,Profile 235 kbps
117.952,download,0,1719.46,274212,10.13,Profile 235 kbps
119.745,download,0,1793.08,276694,10.34,Profile 235 kbps
121.470,download,0,1725.12,296764,10.61,Profile 235 kbps
123.589,download,0,2118.60,216562,10.49,Profile 235 kbps
125.304,download,0,1715.15,301445,10.78,Profile 235 kbps
127.132,download,0,1828.05,274794,10.95,Profile 235 kbps
129.071,download,0,1939.25,260187,11.01,Profile 235 kbps
130.871,download,0,1800.29,277319,11.21,Profile 235 kbps
132.601,download,0,1729.45,236376,11.48,Profile 235 kbps
134.580,download,0,1979.33,244490,11.50,Profile 235 kbps
136.286,download,0,1705.48,240613,11.80,Profile 235 kbps
138.094,download,0,1808.30,268084,11.99,Profile 235 kbps
139.722,download,0,1628.53,269607,12.36,Profile 235 kbps
141.713,download,0,1990.63,265954,12.37,Profile 235 kbps
143.379,download,0,1665.93,289252,12.70,Profile 235 kbps
145.083,download,0,1704.54,287927,13.00,Profile 235 kbps
146.783,download,0,1699.13,311599,13.30,Profile 235 kbps
148.689,download,0,1906.84,204291,13.39,Profile 235 kbps
150.679,download,0,1989.45,266787,13.40,Profile 235 kbps
152.579,download,0,1899.75,232187,13.50,Profile 235 kbps
154.284,download,0,1705.36,250368,13.80,Profile 235 kbps
156.055,download,0,1771.36,233520,14.03,Profile 235 kbps
157.985,download,0,1929.95,249719,14.10,Profile 235 kbps
159.761,download,0,1776.10,247626,14.32,Profile 235 kbps
161.369,download,0,1608.00,273423,14.71,Profile 235 kbps
163.072,download,0,1702.19,240693,15.01,Profile 235 kbps
165.129,download,0,2057.09,224266,14.95,Profile 235 kbps
166.828,download,0,1699.34,290098,15.26,Profile 235 kbps
168.485,download,0,1657.27,290820,15.60,Profile 235 kbps
170.444,download,0,1958.70,218280,15.64,Profile 235 kbps
172.394,download,0,1950.07,176634,15.69,Profile 235 kbps
174.209,download,0,1814.90,231405,15.87,Profile 235 kbps
176.101,download,0,1891.94,310851,15.98,Profile 235 kbps
178.058,download,0,1956.75,289902,16.03,Profile 235 kbps
179.695,download,0,1637.60,281354,16.39,Profile 235 kbps
181.367,download,0,1672.18,262857,16.72,Profile 235 kbps
183.285,download,0,1917.59,233377,16.80,Profile 235 kbps
185.100,download,0,1815.11,286008,16.98,Profile 235 kbps
186.890,download,0,1789.39,253808,17.19,Profile 235 kbps
188.958,download,0,2068.87,254992,17.12,Profile 235 kbps
190.999,download,0,2040.97,245056,17.08,Profile 235 kbps
192.820,download,0,1820.81,210904,17.26,Profile 235 kbps
194.846,download,0,2025.41,209684,17.24,Profile 235 kbps
196.657,download,0,1811.43,269435,17.43,Profile 235 kbps
198.627,download,0,1969.98,221923,17.46,Profile 235 kbps
200.591,download,0,1963.57,242061,17.49,Profile 235 kbps
202.615,download,0,2024.49,235995,17.47,Profile 235 kbps
204.481,download,0,1865.94,279165,17.60,Profile 235 kbps
206.439,download,0,1957.59,273748,17.64,Profile 235 kbps
208.262,download,0,1823.64,295483,17.82,Profile 235 kbps
210.225,download,0,1963.05,252363,17.86,Profile 235 kbps
211.934,download,0,1708.85,249352,18.15,Profile 235 kbps
213.579,download,0,1645.35,300493,18.50,Profile 235 kbps
215.339,download,0,1759.24,333994,18.74,Profile 235 kbps
217.310,download,0,1971.37,226799,18.77,Profile 235 kbps
219.458,download,0,2147.74,236736,18.63,Profile 235 kbps
221.291,download,0,1833.66,233317,18.79,Profile 235 kbps
223.136,download,0,1844.01,259547,18.95,Profile 235 kbps
225.018,download,0,1882.58,237550,19.07,Profile 235 kbps
227.008,download,0,1989.61,244936,19.08,Profile 235 kbps
228.979,download,0,1971.19,239243,19.10,Profile 235 kbps
230.836,download,0,1857.50,246569,19.25,Profile 235 kbps
232.668,download,0,1831.89,201091,19.41,Profile 235 kbps
234.628,download,0,1959.44,211803,19.46,Profile 235 kbps
236.434,download,0,1806.72,211934,19.65,Profile 235 kbps
238.469,download,0,2034.84,194279,19.61,Profile 235 kbps
240.432,download,0,1962.53,247468,19.65,Profile 235 kbps
242.368,download,0,1936.07,219575,19.72,Profile 235 kbps
244.353,download,0,1984.71,196103,19.73,Profile 235 kbps
246.240,download,0,1887.47,252050,19.84,Profile 235 kbps
247.961,download,0,1720.75,295164,20.12,Profile 235 kbps
249.786,download,0,1825.41,258791,20.30,Profile 235 kbps
251.691,download,0,1905.15,216848,20.39,Profile 235 kbps
253.474,download,0,1782.62,276132,20.61,Profile 235 kbps
255.260,download,0,1785.68,242503,20.82,Profile 235 kbps
256.935,download,0,1675.46,305516,21.15,Profile 235 kbps
258.798,download,0,1863.08,238830,21.29,Profile 235 kbps
260.764,download,0,1965.98,263184,21.32,Profile 235 kbps
262.629,download,0,1864.56,215468,21.45,Profile 235 kbps
264.505,download,0,1876.50,262791,21.58,Profile 235 kbps
266.448,download,0,1942.47,267935,21.64,Profile 235 kbps
268.450,download,0,2002.58,239219,21.63,Profile 235 kbps
270.420,download,0,1969.30,263034,21.66,Profile 235 kbps
272.396,download,0,1976.83,207386,21.69,Profile 235 kbps
274.376,download,0,1979.75,239033,21.71,Profile 235 kbps
276.289,download,0,1913.20,193870,21.79,Profile 235 kbps
278.089,download,0,1799.23,288635,21.99,Profile 235 kbps
279.850,download,0,1761.30,283118,22.23,Profile 235 kbps
281.670,download,0,1820.47,271687,22.41,Profile 235 kbps
283.341,download,0,1670.19,261375,22.74,Profile 235 kbps
284.990,download,0,1649.08,295976,23.09,Profile 235 kbps
286.670,download,0,1680.51,299619,23.41,Profile 235 kbps
288.778,download,0,2107.67,237411,23.31,Profile 235 kbps
290.675,download,0,1897.45,270743,23.41,Profile 235 kbps
292.491,download,0,1815.67,257165,23.59,Profile 235 kbps
294.396,download,0,1904.97,252817,23.69,Profile 235 kbps
296.272,download,0,1875.91,262938,23.81,Profile 235 kbps
297.901,download,0,1629.59,239639,24.18,Profile 235 kbps
299.750,download,0,1848.66,279532,24.33,Profile 235 kbps
301.665,download,0,1914.97,203078,24.42,Profile 235 kbps
303.591,download,0,1925.71,238856,24.49,Profile 235 kbps
305.448,download,0,1857.64,205624,24.63,Profile 235 kbps
307.309,download,0,1860.72,283743,24.77,Profile 235 kbps
308.934,download,0,1625.35,292890,25.15,Profile 235 kbps
310.892,download,0,1957.75,221883,25.19,Profile 235 kbps
312.683,download,0,1790.76,272511,25.40,Profile 235 kbps
314.558,download,0,1874.78,301715,25.53,Profile 235 kbps
316.257,download,0,1698.97,331787,25.83,Profile 235 kbps
318.132,download,0,1875.43,253548,25.95,Profile 235 kbps
320.145,download,0,2012.83,242977,25.94,Profile 235 kbps
321.890,download,0,1744.70,273532,26.19,Profile 235 kbps
323.646,download,0,1756.67,249832,26.44,Profile 235 kbps
325.223,download,0,1576.23,311777,26.86,Profile 235 kbps
327.098,download,0,1875.43,225395,26.99,Profile 235 kbps
328.866,download,0,1767.92,228666,27.22,Profile 235 kbps
330.479,download,0,1613.01,272921,27.60,Profile 235 kbps
332.430,download,0,1951.08,244447,27.65,Profile 235 kbps
334.303,download,0,1873.05,212971,27.78,Profile 235 kbps
336.457,download,0,2153.70,225684,27.63,Profile 235 kbps
338.316,download,0,1859.56,238177,27.77,Profile 235 kbps
340.161,download,0,1844.26,234614,27.92,Profile 235 kbps
342.322,download,0,2161.09,202290,27.76,Profile 235 kbps
344.345,download,0,2023.01,253186,27.74,Profile 235 kbps
346.238,download,0,1893.46,211478,27.85,Profile 235 kbps
348.082,download,0,1843.55,227531,28.00,Profile 235 kbps
349.682,download,0,1600.27,276033,28.40,Profile 235 kbps
351.668,download,0,1985.69,208331,28.42,Profile 235 kbps
353.504,download,0,1836.13,273488,28.58,Profile 235 kbps
355.487,download,0,1983.05,251503,28.60,Profile 235 kbps
357.197,download,0,1709.65,263329,28.89,Profile 235 kbps
359.221,download,0,2024.33,232175,28.86,Profile 235 kbps
361.073,download,0,1852.60,263288,29.01,Profile 235 kbps
362.930,download,0,1856.39,228349,29.15,Profile 235 kbps
364.806,download,0,1876.27,204099,29.28,Profile 235 kbps
366.608,download,0,1801.87,241500,29.48,Profile 235 kbps
368.499,download,0,1891.35,273299,29.58,Profile 235 kbps
370.356,download,0,1856.38,285799,29.73,Profile 235 kbps
372.383,download,0,2026.93,215353,29.70,Profile 235 kbps
374.386,download,0,2003.34,182811,29.70,Profile 235 kbps
376.228,download,0,1842.38,235947,29.85,Profile 235 kbps
378.161,download,0,1932.69,242877,29.92,Profile 235 kbps
379.815,download,0,1653.87,255106,30.27,Profile 235 kbps
381.767,download,0,1951.93,274080,30.32,Profile 235 kbps
383.509,download,0,1742.56,300813,30.57,Profile 235 kbps
385.267,download,0,1757.47,267066,30.82,Profile 235 kbps
386.961,download,0,1693.97,248047,31.12,Profile 235 kbps
388.670,download,0,1708.89,288225,31.41,Profile 235 kbps
390.494,download,0,1824.55,252787,31.59,Profile 235 kbps
392.309,download,0,1814.43,309871,31.77,Profile 235 kbps
394.179,download,0,1870.67,283389,31.90,Profile 235 kbps
396.091,download,0,1911.46,248496,31.99,Profile 235 kbps
398.088,download,0,1997.56,220957,31.99,Profile 235 kbps
400.351,download,0,2262.17,229263,31.73,Profile 235 kbps
402.186,download,0,1835.31,226320,31.90,Profile 235 kbps
404.009,download,0,1822.90,310494,32.07,Profile 235 kbps
405.856,download,0,1846.90,241031,32.23,Profile 235 kbps
407.597,download,0,1741.02,283061,32.49,Profile 235 kbps
409.564,download,0,1967.58,198095,32.52,Profile 235 kbps
411.251,download,0,1687.06,273759,32.83,Profile 235 kbps
413.147,download,0,1895.54,274682,32.94,Profile 235 kbps
415.038,download,0,1890.64,284280,33.05,Profile 235 kbps
416.901,download,0,1863.54,268551,33.18,Profile 235 kbps
418.585,download,0,1683.94,277093,33.50,Profile 235 kbps
420.574,download,0,1988.99,221081,33.51,Profile 235 kbps
422.736,download,0,2161.91,204789,33.35,Profile 235 kbps
424.588,download,0,1852.01,251999,33.50,Profile 235 kbps
426.302,download,0,1714.08,299878,33.78,Profile 235 kbps
428.396,download,0,2093.56,240677,33.69,Profile 235 kbps
430.213,download,0,1817.37,260345,33.87,Profile 235 kbps
431.889,download,0,1676.01,282958,34.19,Profile 235 kbps
433.763,download,0,1873.84,277752,34.32,Profile 235 kbps
435.577,download,0,1814.19,263610,34.51,Profile 235 kbps
437.593,download,0,2015.56,221147,34.49,Profile 235 kbps
439.618,download,0,2025.09,244307,34.47,Profile 235 kbps
441.250,download,0,1632.41,320302,34.83,Profile 235 kbps
443.333,download,0,2082.60,245328,34.75,Profile 235 kbps
445.046,download,0,1713.62,340809,35.04,Profile 235 kbps
446.859,download,0,1812.58,236543,35.22,Profile 235 kbps
448.762,download,0,1902.67,234432,35.32,Profile 235 kbps
450.493,download,0,1731.18,221407,35.59,Profile 235 kbps
452.343,download,0,1850.27,285935,35.74,Profile 235 kbps
454.201,download,0,1858.02,224329,35.88,Profile 235 kbps
456.074,download,0,1873.07,248922,36.01,Profile 235 kbps
457.845,download,0,1771.21,236290,36.24,Profile 235 kbps
459.755,download,0,1910.15,260654,36.33,Profile 235 kbps
461.691,download,0,1935.29,195799,36.39,Profile 235 kbps
463.634,download,0,1943.17,227949,36.45,Profile 235 kbps
465.488,download,0,1853.80,284605,36.60,Profile 235 kbps
467.395,download,0,1907.73,234646,36.69,Profile 235 kbps
469.418,download,0,2022.25,256681,36.67,Profile 235 kbps
471.174,download,0,1756.66,286343,36.91,Profile 235 kbps
473.004,download,0,1829.51,256506,37.08,Profile 235 kbps
475.007,download,0,2002.71,224184,37.08,Profile 235 kbps
476.883,download,0,1876.02,265989,37.20,Profile 235 kbps
478.704,download,0,1821.15,256133,37.38,Profile 235 kbps
480.504,download,0,1800.29,253297,37.58,Profile 235 kbps
482.253,download,0,1749.44,247347,37.83,Profile 235 kbps
483.985,download,0,1731.13,344501,38.10,Profile 235 kbps
485.957,download,0,1972.14,226000,38.13,Profile 235 kbps
487.830,download,0,1873.49,291759,38.25,Profile 235 kbps
489.675,download,0,1844.90,231492,38.41,Profile 235 kbps
491.441,download,0,1765.93,306377,38.64,Profile 235 kbps
493.281,download,0,1839.78,224883,38.80,Profile 235 kbps
495.106,download,0,1825.15,305920,38.98,Profile 235 kbps
496.965,download,0,1859.42,207101,39.12,Profile 235 kbps
498.690,download,0,1724.92,279476,39.39,Profile 235 kbps
500.632,download,0,1941.60,274594,39.45,Profile 235 kbps
502.599,download,0,1967.43,215583,39.48,Profile 235 kbps
504.722,download,0,2122.23,215853,39.36,Profile 235 kbps
506.720,download,0,1998.24,226635,39.36,Profile 235 kbps
508.435,download,0,1715.24,308728,39.65,Profile 235 kbps
510.232,download,0,1797.18,276153,39.85,Profile 235 kbps
512.365,download,0,2132.97,236313,39.72,Profile 235 kbps
514.256,download,0,1890.63,234706,39.83,Profile 235 kbps
516.220,download,0,1963.96,213593,39.86,Profile 235 kbps
517.930,download,0,1709.72,307301,40.15,Profile 235 kbps
519.593,download,0,1663.68,261358,40.49,Profile 235 kbps
521.391,download,0,1798.20,285522,40.69,Profile 235 kbps
523.224,download,0,1832.50,233452,40.86,Profile 235 kbps
525.180,download,0,1956.59,219448,40.90,Profile 235 kbps
527.223,download,0,2042.78,197500,40.86,Profile 235 kbps
529.016,download,0,1792.87,275973,41.07,Profile 235 kbps
530.871,download,0,1855.23,306325,41.21,Profile 235 kbps
532.716,download,0,1844.17,237670,41.37,Profile 235 kbps
534.630,download,0,1914.29,246261,41.45,Profile 235 kbps
536.609,download,0,1979.64,229795,41.47,Profile 235 kbps
538.502,download,0,1892.83,281568,41.58,Profile 235 kbps
540.518,download,0,2015.69,221847,41.57,Profile 235 kbps
542.294,download,0,1776.43,269421,41.79,Profile 235 kbps
544.282,download,0,1987.31,228506,41.80,Profile 235 kbps
546.024,download,0,1742.67,248818,42.06,Profile 235 kbps
547.977,download,0,1952.96,277019,42.11,Profile 235 kbps
550.023,download,0,2046.11,214233,42.06,Profile 235 kbps
551.801,download,0,1777.07,283649,42.28,Profile 235 kbps
553.808,download,0,2007.62,259308,42.28,Profile 235 kbps
555.659,download,0,1851.07,211298,42.42,Profile 235 kbps
557.536,download,0,1876.48,251803,42.55,Profile 235 kbps
559.614,download,0,2077.99,211473,42.47,Profile 235 kbps
561.335,download,0,1720.93,285529,42.75,Profile 235 kbps
563.144,download,0,1809.55,272328,42.94,Profile 235 kbps
564.929,download,0,1785.20,293730,43.15,Profile 235 kbps
566.707,download,0,1777.77,269177,43.38,Profile 235 kbps
568.487,download,0,1779.66,286419,43.60,Profile 235 kbps
570.497,download,0,2010.67,254665,43.59,Profile 235 kbps
572.440,download,0,1942.81,250994,43.64,Profile 235 kbps
574.011,download,0,1570.43,330035,44.07,Profile 235 kbps
575.709,download,0,1698.33,259479,44.37,Profile 235 kbps
577.650,download,0,1941.01,227346,44.43,Profile 235 kbps
579.375,download,0,1724.60,243451,44.71,Profile 235 kbps
581.151,download,0,1776.83,292656,44.93,Profile 235 kbps
583.070,download,0,1918.93,247133,45.01,Profile 235 kbps
585.077,download,0,2006.42,212952,45.01,Profile 235 kbps
586.944,download,0,1867.10,257348,45.14,Profile 235 kbps
589.017,download,0,2072.64,220114,45.07,Profile 235 kbps
590.806,download,0,1789.16,259684,45.28,Profile 235 kbps
592.669,download,0,1863.70,238198,45.41,Profile 235 kbps
594.480,download,0,1810.63,281020,45.60,Profile 235 kbps
596.195,download,0,1714.84,305615,45.89,Profile 235 kbps
598.028,download,0,1833.39,279669,46.05,Profile 235 kbps
600.035,download,0,2006.44,216798,46.05,Profile 235 kbps
601.824,download,0,1788.97,261468,46.26,Profile 235 kbps
603.534,download,0,1710.44,224120,46.55,Profile 235 kbps
605.746,download,0,2212.15,223642,46.34,Profile 235 kbps
607.783,download,0,2036.25,241082,46.30,Profile 235 kbps
609.699,download,0,1916.78,268422,46.38,Profile 235 kbps
611.606,download,0,1906.62,288439,46.48,Profile 235 kbps
613.533,download,0,1927.43,249962,46.55,Profile 235 kbps
615.355,download,0,1821.78,256755,46.73,Profile 235 kbps
617.366,download,0,2011.19,226962,46.72,Profile 235 kbps
619.270,download,0,1903.59,246061,46.81,Profile 235 kbps
621.156,download,0,1886.06,221253,46.93,Profile 235 kbps
622.922,download,0,1766.45,277366,47.16,Profile 235 kbps
624.768,download,0,1845.33,280171,47.32,Profile 235 kbps
626.694,download,0,1926.33,270682,47.39,Profile 235 kbps
628.549,download,0,1854.73,247834,47.53,Profile 235 kbps
630.368,download,0,1819.51,256566,47.71,Profile 235 kbps
632.225,download,0,1856.44,312344,47.86,Profile 235 kbps
634.201,download,0,1976.05,235181,47.88,Profile 235 kbps
636.059,download,0,1858.28,215119,48.02,Profile 235 kbps
637.822,download,0,1763.22,207253,48.26,Profile 235 kbps
639.769,download,0,1946.47,271437,48.31,Profile 235 kbps
641.466,download,0,1696.73,278794,48.62,Profile 235 kbps
643.243,download,0,1777.77,248208,48.84,Profile 235 kbps
645.102,download,0,1858.95,280124,48.98,Profile 235 kbps
646.943,download,0,1840.55,256945,49.14,Profile 235 kbps
648.924,download,0,1980.69,226676,49.16,Profile 235 kbps
650.832,download,0,1908.10,263772,49.25,Profile 235 kbps
652.482,download,0,1650.73,225132,49.60,Profile 235 kbps
654.401,download,0,1918.93,235644,49.68,Profile 235 kbps
656.415,download,0,2013.91,227021,49.67,Profile 235 kbps
658.219,download,0,1804.24,280575,49.86,Profile 235 kbps
660.041,download,0,1821.43,295205,50.04,Profile 235 kbps
661.806,download,0,1765.59,247663,50.28,Profile 235 kbps
663.653,download,0,1846.20,232820,50.43,Profile 235 kbps
665.373,download,0,1720.51,305109,50.71,Profile 235 kbps
667.167,download,0,1793.86,204417,50.92,Profile 235 kbps
669.096,download,0,1928.90,232837,50.99,Profile 235 kbps
670.851,download,0,1755.21,259729,51.23,Profile 235 kbps
672.750,download,0,1898.45,253899,51.33,Profile 235 kbps
674.442,download,0,1692.20,250709,51.64,Profile 235 kbps
676.267,download,0,1825.62,248363,51.82,Profile 235 kbps
678.059,download,0,1791.55,207034,52.02,Profile 235 kbps
679.669,download,0,1610.18,262381,52.41,Profile 235 kbps
681.534,download,0,1864.61,220705,52.55,Profile 235 kbps
683.253,download,0,1719.23,314234,52.83,Profile 235 kbps
685.110,download,0,1856.73,227919,52.97,Profile 235 kbps
686.863,download,0,1753.27,258220,53.22,Profile 235 kbps
688.683,download,0,1820.38,268730,53.40,Profile 235 kbps
690.425,download,0,1741.94,302275,53.66,Profile 235 kbps
692.340,download,0,1914.63,266621,53.74,Profile 235 kbps
694.167,download,0,1827.00,244830,53.92,Profile 235 kbps
696.236,download,0,2069.52,229619,53.85,Profile 235 kbps
698.066,download,0,1829.16,246535,54.02,Profile 235 kbps
699.967,download,0,1901.47,193850,54.12,Profile 235 kbps
701.811,download,0,1843.70,227408,54.27,Profile 235 kbps
703.753,download,0,1942.57,266188,54.33,Profile 235 kbps
705.797,download,0,2043.64,211583,54.29,Profile 235 kbps
707.782,download,0,1984.65,240486,54.30,Profile 235 kbps
709.911,download,0,2129.69,249964,54.17,Profile 235 kbps
711.742,download,0,1830.67,251772,54.34,Profile 235 kbps
713.442,download,0,1700.16,248923,54.64,Profile 235 kbps
715.179,download,0,1737.27,256513,54.90,Profile 235 kbps
716.827,download,0,1647.57,287628,55.26,Profile 235 kbps
718.602,download,0,1775.36,268123,55.48,Profile 235 kbps
720.396,download,0,1793.95,309913,55.69,Profile 235 kbps
722.516,download,0,2119.54,209302,55.57,Profile 235 kbps
724.557,download,0,2040.78,214631,55.53,Profile 235 kbps
726.321,download,0,1764.07,261491,55.76,Profile 235 kbps
728.253,download,0,1931.94,241991,55.83,Profile 235 kbps
729.918,download,0,1665.10,255644,56.17,Profile 235 kbps
731.849,download,0,1931.35,287086,56.23,Profile 235 kbps
733.711,download,0,1862.28,272320,56.37,Profile 235 kbps
735.660,download,0,1948.93,261436,56.42,Profile 235 kbps
737.500,download,0,1840.11,273010,56.58,Profile 235 kbps
739.288,download,0,1787.48,260143,56.80,Profile 235 kbps
741.166,download,0,1878.08,255367,56.92,Profile 235 kbps
743.103,download,0,1937.00,283618,56.98,Profile 235 kbps
744.921,download,0,1817.88,214456,57.16,Profile 235 kbps
746.770,download,0,1849.58,258243,57.31,Profile 235 kbps
748.605,download,0,1834.28,266803,57.48,Profile 235 kbps
750.513,download,0,1907.95,256342,57.57,Profile 235 kbps
752.502,download,0,1989.51,258005,57.58,Profile 235 kbps
754.289,download,0,1787.32,271240,57.79,Profile 235 kbps
756.251,download,0,1962.03,220747,57.83,Profile 235 kbps
758.134,download,0,1882.50,269369,57.95,Profile 235 kbps
759.859,download,0,1724.95,264875,58.22,Profile 235 kbps
761.563,download,0,1703.76,270033,58.52,Profile 235 kbps
763.429,download,0,1866.26,263603,58.65,Profile 235 kbps
765.295,download,0,1866.24,273200,58.79,Profile 235 kbps
767.067,download,0,1771.68,254714,59.02,Profile 235 kbps
768.966,download,0,1898.65,263825,59.12,Profile 235 kbps
770.804,download,0,1838.68,312645,59.28,Profile 235 kbps
772.754,download,0,1950.07,222684,59.33,Profile 235 kbps
774.582,download,0,1827.33,220909,59.50,Profile 235 kbps
776.466,download,0,1884.14,244164,59.62,Profile 235 kbps
778.356,download,0,1890.00,290336,59.73,Profile 235 kbps
780.223,download,0,1867.40,273146,59.86,Profile 235 kbps
782.187,download,0,1963.64,232059,59.90,Profile 235 kbps
784.029,download,0,1842.03,271822,60.05,Profile 235 kbps
785.859,download,0,1830.33,258633,60.22,Profile 235 kbps
787.543,download,0,1683.65,292527,60.54,Profile 235 kbps
789.374,download,0,1831.07,228269,60.71,Profile 235 kbps
791.287,download,0,1912.64,300180,60.80,Profile 235 kbps
793.046,download,0,1759.90,274911,61.04,Profile 235 kbps
795.068,download,0,2021.37,214065,61.02,Profile 235 kbps
796.919,download,0,1850.75,266024,61.16,Profile 235 kbps
798.693,download,0,1774.85,275616,61.39,Profile 235 kbps
800.544,download,0,1850.25,255537,61.54,Profile 235 kbps
802.282,download,0,1738.62,248616,61.80,Profile 235 kbps
804.062,download,0,1780.10,252975,62.02,Profile 235 kbps
806.049,download,0,1986.98,241223,62.03,Profile 235 kbps
807.932,download,0,1882.20,268145,62.15,Profile 235 kbps
809.747,download,0,1815.76,242002,62.34,Profile 235 kbps
811.721,download,0,1974.03,231284,62.36,Profile 235 kbps
813.436,download,0,1714.58,322454,62.65,Profile 235 kbps
815.456,download,0,2019.93,168553,62.63,Profile 235 kbps
817.427,download,0,1970.97,279648,62.66,Profile 235 kbps
819.223,download,0,1796.68,234353,62.86,Profile 235 kbps
820.918,download,0,1694.25,326068,63.17,Profile 235 kbps
822.877,download,0,1959.13,283020,63.21,Profile 235 kbps
824.937,download,0,2060.14,238470,63.15,Profile 235 kbps
826.761,download,0,1823.91,260039,63.32,Profile 235 kbps
828.731,download,0,1969.97,282868,63.35,Profile 235 kbps
830.482,download,0,1751.27,240169,63.60,Profile 235 kbps
832.212,download,0,1729.74,303755,63.87,Profile 235 kbps
834.030,download,0,1818.17,217938,64.05,Profile 235 kbps
835.932,download,0,1901.69,198930,64.15,Profile 235 kbps
837.763,download,0,1831.73,247539,64.32,Profile 235 kbps
839.649,download,0,1885.26,274156,64.43,Profile 235 kbps
841.470,download,0,1821.57,275244,64.61,Profile 235 kbps
843.325,download,0,1854.80,286026,64.76,Profile 235 kbps
845.129,download,0,1803.49,230331,64.95,Profile 235 kbps
847.110,download,0,1981.37,252019,64.97,Profile 235 kbps
849.072,download,0,1962.39,249170,65.01,Profile 235 kbps
851.035,download,0,1962.56,220292,65.05,Profile 235 kbps
852.881,download,0,1846.23,258815,65.20,Profile 235 kbps
854.697,download,0,1815.41,249742,65.39,Profile 235 kbps
856.438,download,0,1741.60,291402,65.65,Profile 235 kbps
858.206,download,0,1767.77,285734,65.88,Profile 235 kbps
860.003,download,0,1797.45,258309,66.08,Profile 235 kbps
861.843,download,0,1840.04,279851,66.24,Profile 235 kbps
863.672,download,0,1828.15,217067,66.41,Profile 235 kbps
865.559,download,0,1887.18,262742,66.52,Profile 235 kbps
867.451,download,0,1892.54,227834,66.63,Profile 235 kbps
869.325,download,0,1873.64,243492,66.76,Profile 235 kbps
871.262,download,0,1937.42,245122,66.82,Profile 235 kbps
872.966,download,0,1703.71,338363,67.12,Profile 235 kbps
874.828,download,0,1861.83,272292,67.26,Profile 235 kbps
876.670,download,0,1842.06,218590,67.41,Profile 235 kbps
878.556,download,0,1886.56,271635,67.53,Profile 235 kbps
880.542,download,0,1985.62,247854,67.54,Profile 235 kbps
882.525,download,0,1983.05,223030,67.56,Profile 235 kbps
884.338,download,0,1812.64,239973,67.75,Profile 235 kbps
886.504,download,0,2165.92,211472,67.58,Profile 235 kbps
888.332,download,0,1828.06,180935,67.75,Profile 235 kbps
890.278,download,0,1946.00,244843,67.81,Profile 235 kbps
892.144,download,0,1866.15,265643,67.94,Profile 235 kbps
893.939,download,0,1795.05,288282,68.14,Profile 235 kbps
895.815,download,0,1876.00,219194,68.27,Profile 235 kbps
897.639,download,0,1823.90,293349,68.44,Profile 235 kbps
899.465,download,0,1826.10,255435,68.62,Profile 235 kbps
901.209,download,0,1744.01,237283,68.87,Profile 235 kbps
903.256,download,0,2046.91,221961,68.83,Profile 235 kbps
905.176,download,0,1920.33,223869,68.91,Profile 235 kbps
906.979,download,0,1803.24,227444,69.10,Profile 235 kbps
908.754,download,0,1775.00,281087,69.33,Profile 235 kbps
910.604,download,0,1849.61,214549,69.48,Profile 235 kbps
912.329,download,0,1725.27,297767,69.75,Profile 235 kbps
914.290,download,0,1961.06,256579,69.79,Profile 235 kbps
916.137,download,0,1846.82,249743,69.95,Profile 235 kbps
917.852,download,0,1714.48,271318,70.23,Profile 235 kbps
919.829,download,0,1977.70,231169,70.25,Profile 235 kbps
921.674,download,0,1844.79,220483,70.41,Profile 235 kbps
923.629,download,0,1954.44,232463,70.45,Profile 235 kbps
925.518,download,0,1889.39,244740,70.57,Profile 235 kbps
927.223,download,0,1705.47,296115,70.86,Profile 235 kbps
929.061,download,0,1837.78,259396,71.02,Profile 235 kbps
930.922,download,0,1860.77,244433,71.16,Profile 235 kbps
932.690,download,0,1768.27,251849,71.39,Profile 235 kbps
934.485,download,0,1794.54,252357,71.60,Profile 235 kbps
936.296,download,0,1810.84,254309,71.79,Profile 235 kbps
938.271,download,0,1975.00,260659,71.81,Profile 235 kbps
940.372,download,0,2101.38,206614,71.71,Profile 235 kbps
942.315,download,0,1943.22,202736,71.77,Profile 235 kbps
944.250,download,0,1934.97,235195,71.83,Profile 235 kbps
946.145,download,0,1894.93,260430,71.94,Profile 235 kbps
948.113,download,0,1967.70,214089,71.97,Profile 235 kbps
949.889,download,0,1775.79,267676,72.19,Profile 235 kbps
951.846,download,0,1956.90,219073,72.24,Profile 235 kbps
953.578,download,0,1732.09,242804,72.51,Profile 235 kbps
955.231,download,0,1653.64,245302,72.85,Profile 235 kbps
957.240,download,0,2009.02,272256,72.84,Profile 235 kbps
959.003,download,0,1762.73,282912,73.08,Profile 235 kbps
960.637,download,0,1633.72,291207,73.45,Profile 235 kbps
962.500,download,0,1863.70,286261,73.58,Profile 235 kbps
964.423,download,0,1922.74,240702,73.66,Profile 235 kbps
966.285,download,0,1861.63,235556,73.80,Profile 235 kbps
968.112,download,0,1827.06,257336,73.97,Profile 235 kbps
969.997,download,0,1884.68,310155,74.09,Profile 235 kbps
971.688,download,0,1691.63,264540,74.40,Profile 235 kbps
973.419,download,0,1730.55,259104,74.66,Profile 235 kbps
975.415,download,0,1996.68,227117,74.67,Profile 235 kbps
977.413,download,0,1997.79,262454,74.67,Profile 235 kbps
979.280,download,0,1866.58,228783,74.80,Profile 235 kbps
981.209,download,0,1928.74,310648,74.87,Profile 235 kbps
983.111,download,0,1902.32,254178,74.97,Profile 235 kbps
985.087,download,0,1976.55,238509,75.00,Profile 235 kbps
986.921,download,0,1833.98,278202,75.16,Profile 235 kbps
988.928,download,0,2006.49,183102,75.16,Profile 235 kbps
990.539,download,0,1611.02,296597,75.54,Profile 235 kbps
992.301,download,0,1761.77,239300,75.78,Profile 235 kbps
994.040,download,0,1739.19,311290,76.04,Profile 235 kbps
995.934,download,0,1893.73,232591,76.15,Profile 235 kbps
997.689,download,0,1755.08,322807,76.39,Profile 235 kbps
999.637,download,0,1948.24,264513,76.45,Profile 235 kbps
1001.546,download,0,1909.57,228734,76.54,Profile 235 kbps
1003.354,download,0,1807.64,262831,76.73,Profile 235 kbps
1004.978,download,0,1623.45,292911,77.11,Profile 235 kbps
1006.661,download,0,1683.35,260818,77.42,Profile 235 kbps
1008.502,download,0,1841.47,239583,77.58,Profile 235 kbps
1010.296,download,0,1793.66,281645,77.79,Profile 235 kbps
1012.058,download,0,1761.71,247424,78.03,Profile 235 kbps
1013.991,download,0,1932.90,223692,78.09,Profile 235 kbps
1015.678,download,0,1686.87,286514,78.41,Profile 235 kbps
1017.528,download,0,1850.62,261798,78.56,Profile 235 kbps
1019.522,download,0,1993.62,234383,78.56,Profile 235 kbps
1021.290,download,0,1768.59,284299,78.79,Profile 235 kbps
1023.071,download,0,1781.10,292794,79.01,Profile 235 kbps
1025.056,download,0,1984.96,266980,79.03,Profile 235 kbps
1026.905,download,0,1849.03,246724,79.18,Profile 235 kbps
1029.024,download,0,2118.79,217539,79.06,Profile 235 kbps
1031.017,download,0,1993.04,242279,79.07,Profile 235 kbps
1032.888,download,0,1871.21,275318,79.19,Profile 235 kbps
1034.741,download,0,1852.35,265423,79.34,Profile 235 kbps
1036.695,download,0,1954.37,241747,79.39,Profile 235 kbps
1038.495,download,0,1800.17,313268,79.59,Profile 235 kbps
1040.239,download,0,1743.97,251541,79.84,Profile 235 kbps
1042.150,download,0,1911.06,248135,79.93,Profile 235 kbps
1043.961,download,0,1811.03,251450,80.12,Profile 235 kbps
1046.015,download,0,2053.89,252091,80.07,Profile 235 kbps
1047.799,download,0,1783.75,283394,80.28,Profile 235 kbps
1049.632,download,0,1833.04,269415,80.45,Profile 235 kbps
1051.389,download,0,1756.76,229354,80.69,Profile 235 kbps
1053.445,download,0,2055.79,242838,80.64,Profile 235 kbps
1055.312,download,0,1867.56,274060,80.77,Profile 235 kbps
1057.174,download,0,1861.93,226350,80.91,Profile 235 kbps
1059.033,download,0,1859.24,261289,81.05,Profile 235 kbps
1060.894,download,0,1861.00,223303,81.19,Profile 235 kbps
1062.656,download,0,1761.64,265044,81.43,Profile 235 kbps
1064.535,download,0,1879.34,247014,81.55,Profile 235 kbps
1066.353,download,0,1817.38,252575,81.73,Profile 235 kbps
1068.179,download,0,1826.61,303381,81.90,Profile 235 kbps
1070.081,download,0,1901.24,228533,82.00,Profile 235 kbps
1071.920,download,0,1839.82,197867,82.16,Profile 235 kbps
1073.668,download,0,1747.95,245123,82.41,Profile 235 kbps
1075.578,download,0,1909.99,256336,82.50,Profile 235 kbps
1077.249,download,0,1670.45,221148,82.83,Profile 235 kbps
1079.111,download,0,1861.94,249095,82.97,Profile 235 kbps
1081.068,download,0,1957.12,264839,83.02,Profile 235 kbps
1082.835,download,0,1766.88,256579,83.25,Profile 235 kbps
1084.619,download,0,1784.01,229707,83.46,Profile 235 kbps
1086.504,download,0,1885.02,282310,83.58,Profile 235 kbps
1088.355,download,0,1850.97,271226,83.73,Profile 235 kbps
1090.239,download,0,1884.53,226043,83.84,Profile 235 kbps
1092.056,download,0,1816.75,326130,84.03,Profile 235 kbps
1093.929,download,0,1873.05,249617,84.15,Profile 235 kbps
1095.740,download,0,1810.53,213921,84.34,Profile 235 kbps
1097.701,download,0,1961.81,191962,84.38,Profile 235 kbps
1099.422,download,0,1720.74,224061,84.66,Profile 235 kbps
1101.146,download,0,1723.70,251269,84.94,Profile 235 kbps
1103.021,download,0,1875.16,257825,85.06,Profile 235 kbps
1104.924,download,0,1902.54,226787,85.16,Profile 235 kbps
1106.890,download,0,1966.09,231851,85.19,Profile 235 kbps
1108.557,download,0,1667.05,295420,85.53,Profile 235 kbps
1110.441,download,0,1883.81,214523,85.64,Profile 235 kbps
1112.549,download,0,2108.93,251308,85.53,Profile 235 kbps
1114.400,download,0,1850.89,195526,85.68,Profile 235 kbps
1116.057,download,0,1657.11,267709,86.03,Profile 235 kbps
1117.960,download,0,1902.94,272905,86.12,Profile 235 kbps
1119.797,download,0,1836.12,267838,86.29,Profile 235 kbps
1121.759,download,0,1962.41,333488,86.32,Profile 235 kbps
1123.685,download,0,1926.28,237299,86.40,Profile 235 kbps
1125.524,download,0,1838.35,258074,86.56,Profile 235 kbps
1127.567,download,0,2043.79,240338,86.52,Profile 235 kbps
1129.433,download,0,1865.56,260580,86.65,Profile 235 kbps
1131.329,download,0,1896.10,252345,86.75,Profile 235 kbps
1133.207,download,0,1877.57,236906,86.88,Profile 235 kbps
1135.184,download,0,1977.82,253576,86.90,Profile 235 kbps
1137.021,download,0,1836.14,238299,87.06,Profile 235 kbps
1138.738,download,0,1717.19,284762,87.35,Profile 235 kbps
1140.543,download,0,1805.32,239284,87.54,Profile 235 kbps
1142.355,download,0,1812.24,288800,87.73,Profile 235 kbps
1144.215,download,0,1859.32,276953,87.87,Profile 235 kbps
1146.086,download,0,1870.97,231072,88.00,Profile 235 kbps
1148.119,download,0,2033.25,247890,87.96,Profile 235 kbps
1149.929,download,0,1810.58,295344,88.15,Profile 235 kbps
1151.865,download,0,1935.34,229843,88.22,Profile 235 kbps
1153.700,download,0,1835.29,248393,88.38,Profile 235 kbps
1155.536,download,0,1836.44,257503,88.55,Profile 235 kbps
1157.648,download,0,2111.75,220174,88.44,Profile 235 kbps
1159.422,download,0,1773.64,283200,88.66,Profile 235 kbps
1161.406,download,0,1984.28,272768,88.68,Profile 235 kbps
1163.196,download,0,1789.90,281266,88.89,Profile 235 kbps
1165.075,download,0,1878.90,210608,89.01,Profile 235 kbps
1166.885,download,0,1810.38,223749,89.20,Profile 235 kbps
1168.562,download,0,1676.49,280067,89.52,Profile 235 kbps
1170.178,download,0,1616.03,328163,89.91,Profile 235 kbps
1172.294,download,0,2115.68,213919,89.79,Profile 235 kbps
1174.128,download,0,1834.34,239632,89.96,Profile 235 kbps
1175.958,download,0,1830.50,248156,90.12,Profile 235 kbps
1177.663,download,0,1704.56,331928,90.42,Profile 235 kbps
1179.726,download,0,2063.52,229925,90.36,Profile 235 kbps
1181.497,download,0,1770.76,276230,90.59,Profile 235 kbps
1183.515,download,0,2017.74,204915,90.57,Profile 235 kbps
1185.353,download,0,1838.46,277254,90.73,Profile 235 kbps
1187.064,download,0,1710.59,220051,91.02,Profile 235 kbps
1188.932,download,0,1867.86,274663,91.15,Profile 235 kbps
1190.891,download,0,1958.96,267036,91.19,Profile 235 kbps
1192.766,download,0,1875.14,245033,91.32,Profile 235 kbps
1194.593,download,0,1826.73,287233,91.49,Profile 235 kbps
1196.483,download,0,1890.80,221227,91.60,Profile 235 kbps
1198.663,download,0,2179.84,174718,91.42,Profile 235 kbps
1200.300,download,0,1636.58,304875,91.78,Profile 235 kbps
1202.194,download,0,1893.98,233852,91.89,Profile 235 kbps
1204.074,download,0,1880.27,295647,92.01,Profile 235 kbps
1205.753,download,0,1678.77,284790,92.33,Profile 235 kbps
1207.518,download,0,1765.47,276473,92.56,Profile 235 kbps
1209.405,download,0,1886.46,271837,92.68,Profile 235 kbps
1211.376,download,0,1971.12,228496,92.71,Profile 235 kbps
1213.349,download,0,1973.40,273586,92.73,Profile 235 kbps
1215.159,download,0,1810.07,261065,92.92,Profile 235 kbps
1216.921,download,0,1761.34,305790,93.16,Profile 235 kbps
1218.896,download,0,1974.88,219144,93.19,Profile 235 kbps
1220.591,download,0,1695.83,282302,93.49,Profile 235 kbps
1222.320,download,0,1728.20,278838,93.76,Profile 235 kbps
1224.383,download,0,2063.23,215235,93.70,Profile 235 kbps
1226.134,download,0,1750.81,282360,93.95,Profile 235 kbps
1227.880,download,0,1746.35,263741,94.20,Profile 235 kbps
1229.697,download,0,1817.03,263050,94.39,Profile 235 kbps
1231.601,download,0,1904.29,230217,94.48,Profile 235 kbps
1233.285,download,0,1683.20,257937,94.80,Profile 235 kbps
1235.192,download,0,1907.55,236203,94.89,Profile 235 kbps
1237.037,download,0,1844.97,288134,95.05,Profile 235 kbps
1238.907,download,0,1870.21,275331,95.18,Profile 235 kbps
1240.749,download,0,1841.69,253554,95.33,Profile 235 kbps
1242.610,download,0,1860.73,225585,95.47,Profile 235 kbps
1244.526,download,0,1915.93,227235,95.56,Profile 235 kbps
1246.359,download,0,1833.20,263255,95.72,Profile 235 kbps
1248.240,download,0,1881.16,248527,95.84,Profile 235 kbps
1249.995,download,0,1755.19,272303,96.09,Profile 235 kbps
1251.817,download,0,1822.09,221609,96.27,Profile 235 kbps
1253.755,download,0,1937.40,220490,96.33,Profile 235 kbps
1255.381,download,0,1626.29,240006,96.70,Profile 235 kbps
1257.253,download,0,1871.91,256581,96.83,Profile 235 kbps
1259.145,download,0,1891.80,269314,96.94,Profile 235 kbps
1261.002,download,0,1857.33,318599,97.08,Profile 235 kbps
1263.048,download,0,2045.50,228154,97.04,Profile 235 kbps
1264.640,download,0,1591.97,318292,97.44,Profile 235 kbps
1266.387,download,0,1747.56,267701,97.70,Profile 235 kbps
1268.168,download,0,1780.49,295586,97.92,Profile 235 kbps
1270.029,download,0,1861.09,272585,98.05,Profile 235 kbps
1272.019,download,0,1990.74,243342,98.06,Profile 235 kbps
1273.753,download,0,1733.52,275767,98.33,Profile 235 kbps
1275.472,download,0,1719.01,281134,98.61,Profile 235 kbps
1277.215,download,0,1742.77,315140,98.87,Profile 235 kbps
1279.030,download,0,1814.80,283345,99.05,Profile 235 kbps
1280.777,download,0,1747.75,212382,99.31,Profile 235 kbps
1282.688,download,0,1910.97,237232,99.40,Profile 235 kbps
1284.491,download,0,1802.45,242834,99.59,Profile 235 kbps
1286.353,download,0,1861.83,260247,99.73,Profile 235 kbps
1288.236,download,0,1883.64,244454,99.85,Profile 235 kbps
1290.192,download,0,1955.93,270558,99.89,Profile 235 kbps
1291.959,download,0,1766.56,260978,100.12,Profile 235 kbps
1293.865,download,0,1906.35,238735,100.22,Profile 235 kbps
1295.882,download,0,2017.45,194507,100.20,Profile 235 kbps
1297.634,download,0,1751.40,249660,100.45,Profile 235 kbps
1299.414,download,0,1780.55,235365,100.67,Profile 235 kbps
1301.173,download,0,1758.35,255576,100.91,Profile 235 kbps
1303.045,download,0,1872.53,251228,101.04,Profile 235 kbps
1305.026,download,0,1981.08,263953,101.06,Profile 235 kbps
1306.837,download,0,1810.73,238693,101.25,Profile 235 kbps
1308.970,download,0,2132.94,205617,101.11,Profile 235 kbps
1310.734,download,0,1764.10,242925,101.35,Profile 235 kbps
1312.591,download,0,1856.83,211875,101.49,Profile 235 kbps
1314.569,download,0,1977.98,271933,101.51,Profile 235 kbps
1316.355,download,0,1785.91,271409,101.73,Profile 235 kbps
1318.151,download,0,1796.59,232240,101.93,Profile 235 kbps
1319.956,download,0,1804.60,241743,102.13,Profile 235 kbps
1321.783,download,0,1826.65,291208,102.30,Profile 235 kbps
1323.802,download,0,2019.74,225494,102.28,Profile 235 kbps
1325.597,download,0,1794.84,198703,102.49,Profile 235 kbps
1327.589,download,0,1991.79,204496,102.49,Profile 235 kbps
1329.453,download,0,1863.85,288255,102.63,Profile 235 kbps
1331.339,download,0,1886.28,264139,102.74,Profile 235 kbps
1333.314,download,0,1975.14,231659,102.77,Profile 235 kbps
1335.157,download,0,1842.66,256546,102.93,Profile 235 kbps
1336.901,download,0,1743.86,261448,103.18,Profile 235 kbps
1338.736,download,0,1834.98,222376,103.35,Profile 235 kbps
1340.588,download,0,1851.95,222603,103.50,Profile 235 kbps
1342.601,download,0,2013.40,233936,103.48,Profile 235 kbps
1344.497,download,0,1896.18,260262,103.59,Profile 235 kbps
1346.279,download,0,1781.49,272976,103.80,Profile 235 kbps
1348.044,download,0,1764.99,292997,104.04,Profile 235 kbps
1349.818,download,0,1773.90,240766,104.27,Profile 235 kbps
1351.653,download,0,1835.38,279520,104.43,Profile 235 kbps
1353.492,download,0,1839.33,267723,104.59,Profile 235 kbps
1355.265,download,0,1772.76,270461,104.82,Profile 235 kbps
1357.087,download,0,1821.51,240881,105.00,Profile 235 kbps
1358.710,download,0,1623.21,295099,105.37,Profile 235 kbps
1360.563,download,0,1852.80,223770,105.52,Profile 235 kbps
1362.526,download,0,1963.07,265139,105.56,Profile 235 kbps
1364.502,download,0,1976.40,260122,105.58,Profile 235 kbps
1366.466,download,0,1963.53,226988,105.62,Profile 235 kbps
1368.275,download,0,1809.74,295362,105.81,Profile 235 kbps
1370.126,download,0,1850.64,244992,105.96,Profile 235 kbps
1372.145,download,0,2018.49,222860,105.94,Profile 235 kbps
1373.953,download,0,1808.50,225549,106.13,Profile 235 kbps
1375.841,download,0,1887.56,242391,106.24,Profile 235 kbps
1377.902,download,0,2061.53,259175,106.18,Profile 235 kbps
1379.787,download,0,1885.10,237352,106.30,Profile 235 kbps
1381.620,download,0,1833.18,268102,106.46,Profile 235 kbps
1383.531,download,0,1911.02,238675,106.55,Profile 235 kbps
1385.406,download,0,1874.07,227650,106.68,Profile 235 kbps
1387.167,download,0,1761.44,282864,106.92,Profile 235 kbps
1388.891,download,0,1723.83,253463,107.19,Profile 235 kbps
1390.721,download,0,1830.17,279510,107.36,Profile 235 kbps
1392.598,download,0,1877.15,217466,107.49,Profile 235 kbps
1394.434,download,0,1835.50,286347,107.65,Profile 235 kbps
1396.139,download,0,1704.90,284470,107.94,Profile 235 kbps
1398.035,download,0,1896.63,241671,108.05,Profile 235 kbps
1399.924,download,0,1889.04,193809,108.16,Profile 235 kbps
1402.000,download,0,2075.45,185159,108.08,Profile 235 kbps
1403.724,download,0,1724.61,263939,108.36,Profile 235 kbps
1405.630,download,0,1906.19,276845,108.45,Profile 235 kbps
1407.516,download,0,1885.45,296397,108.57,Profile 235 kbps
1409.237,download,0,1720.73,309139,108.85,Profile 235 kbps
1411.015,download,0,1778.03,235884,109.07,Profile 235 kbps
1413.114,download,0,2099.73,250756,108.97,Profile 235 kbps
1414.976,download,0,1861.38,257611,109.11,Profile 235 kbps
1416.689,download,0,1713.31,258896,109.39,Profile 235 kbps
1418.486,download,0,1797.39,252682,109.60,Profile 235 kbps
1420.360,download,0,1873.07,264468,109.72,Profile 235 kbps
1422.254,download,0,1894.52,284839,109.83,Profile 235 kbps
1424.153,download,0,1898.73,253887,109.93,Profile 235 kbps
1426.029,download,0,1876.13,214096,110.05,Profile 235 kbps
1427.719,download,0,1690.45,308463,110.36,Profile 235 kbps
1429.775,download,0,2055.37,197585,110.31,Profile 235 kbps
1431.447,download,0,1671.78,270180,110.64,Profile 235 kbps
1433.169,download,0,1722.86,296488,110.91,Profile 235 kbps
1434.991,download,0,1821.31,236691,111.09,Profile 235 kbps
1437.008,download,0,2017.13,264027,111.08,Profile 235 kbps
1439.002,download,0,1993.74,257847,111.08,Profile 235 kbps
1440.833,download,0,1831.14,211650,111.25,Profile 235 kbps
1442.787,download,0,1953.94,213071,111.30,Profile 235 kbps
1444.532,download,0,1745.64,305410,111.55,Profile 235 kbps
1446.278,download,0,1746.20,287917,111.80,Profile 235 kbps
1448.005,download,0,1726.98,284191,112.08,Profile 235 kbps
1449.824,download,0,1818.80,287799,112.26,Profile 235 kbps
1451.686,download,0,1861.29,243775,112.40,Profile 235 kbps
1453.485,download,0,1799.80,249837,112.60,Profile 235 kbps
1455.347,download,0,1861.30,222438,112.74,Profile 235 kbps
1457.230,download,0,1882.94,218386,112.85,Profile 235 kbps
1459.086,download,0,1856.61,236065,113.00,Profile 235 kbps
1460.784,download,0,1697.67,259127,113.30,Profile 235 kbps
1462.514,download,0,1730.07,271027,113.57,Profile 235 kbps
1464.470,download,0,1955.70,235917,113.61,Profile 235 kbps
1466.408,download,0,1938.56,247420,113.68,Profile 235 kbps
1468.376,download,0,1967.35,195000,113.71,Profile 235 kbps
1470.153,download,0,1777.02,235955,113.93,Profile 235 kbps
1471.992,download,0,1839.62,279402,114.09,Profile 235 kbps
1474.020,download,0,2028.08,270041,114.06,Profile 235 kbps
1475.990,download,0,1969.38,235209,114.09,Profile 235 kbps
1477.892,download,0,1901.88,223652,114.19,Profile 235 kbps
1479.500,download,0,1608.36,312084,114.58,Profile 235 kbps
1481.420,download,0,1919.73,242146,114.66,Profile 235 kbps
1483.173,download,0,1753.47,295570,114.91,Profile 235 kbps
1484.974,download,0,1800.73,252204,115.11,Profile 235 kbps
1486.938,download,0,1963.95,217403,115.15,Profile 235 kbps
1488.696,download,0,1757.78,246843,115.39,Profile 235 kbps
1490.421,download,0,1725.83,286921,115.66,Profile 235 kbps
1492.205,download,0,1783.97,282843,115.88,Profile 235 kbps
1493.957,download,0,1751.23,297158,116.13,Profile 235 kbps
1495.658,download,0,1701.09,283267,116.43,Profile 235 kbps
1497.380,download,0,1722.13,266670,116.70,Profile 235 kbps
1499.197,download,0,1817.47,277898,116.89,Profile 235 kbps
1501.180,download,0,1982.45,273008,116.90,Profile 235 kbps
1502.945,download,0,1765.19,300703,117.14,Profile 235 kbps
1504.803,download,0,1858.19,243708,117.28,Profile 235 kbps
1506.556,download,0,1752.48,262645,117.53,Profile 235 kbps
1508.325,download,0,1769.81,304213,117.76,Profile 235 kbps
1510.183,download,0,1857.44,250943,117.90,Profile 235 kbps
1512.089,download,0,1906.66,258450,117.99,Profile 235 kbps
1513.825,download,0,1735.80,270616,118.26,Profile 235 kbps
1515.817,download,0,1992.00,205473,118.27,Profile 235 kbps
1517.662,download,0,1844.56,276358,118.42,Profile 235 kbps
1519.442,download,0,1780.26,239242,118.64,Profile 235 kbps
1521.064,download,0,1621.52,288544,119.02,Profile 235 kbps
1522.903,download,0,1839.80,252723,119.18,Profile 235 kbps
1524.752,download,0,1848.30,254495,119.33,Profile 235 kbps
1526.508,download,0,1756.55,284576,119.57,Profile 235 kbps
1528.368,download,0,1859.29,244790,119.72,Profile 235 kbps
1530.290,download,0,1922.10,260049,119.79,Profile 235 kbps
1532.229,download,0,1939.27,259888,119.85,Profile 235 kbps
1534.201,download,0,1972.00,275018,119.88,Profile 235 kbps
1536.149,download,0,1948.29,264799,119.93,Profile 235 kbps
1537.919,download,0,1770.16,264487,120.16,Profile 235 kbps
1539.640,download,0,1720.98,308815,120.44,Profile 235 kbps
1541.356,download,0,1715.34,292873,120.73,Profile 235 kbps
1543.200,download,0,1844.59,294960,120.88,Profile 235 kbps
1545.032,download,0,1831.22,283561,121.05,Profile 235 kbps
1546.812,download,0,1780.37,265554,121.27,Profile 235 kbps
1548.477,download,0,1665.22,282062,121.61,Profile 235 kbps
1550.371,download,0,1894.20,229897,121.71,Profile 235 kbps
1552.210,download,0,1838.57,239173,121.87,Profile 235 kbps
1553.962,download,0,1752.61,302552,122.12,Profile 235 kbps
1555.902,download,0,1939.64,263256,122.18,Profile 235 kbps
1557.697,download,0,1795.19,298998,122.39,Profile 235 kbps
1559.603,download,0,1905.65,212190,122.48,Profile 235 kbps
1561.536,download,0,1933.13,259422,122.55,Profile 235 kbps
1563.459,download,0,1922.89,301267,122.62,Profile 235 kbps
1565.318,download,0,1858.63,216508,122.77,Profile 235 kbps
1567.186,download,0,1868.52,231610,122.90,Profile 235 kbps
1568.976,download,0,1789.45,285092,123.11,Profile 235 kbps
1570.872,download,0,1896.85,283130,123.21,Profile 235 kbps
1572.674,download,0,1801.99,238022,123.41,Profile 235 kbps
1574.778,download,0,2103.68,241737,123.31,Profile 235 kbps
1576.756,download,0,1978.38,220099,123.33,Profile 235 kbps
1578.642,download,0,1885.66,258562,123.44,Profile 235 kbps
1580.474,download,0,1831.77,223452,123.61,Profile 235 kbps
1582.393,download,0,1919.13,259643,123.69,Profile 235 kbps
1584.198,download,0,1804.87,268828,123.89,Profile 235 kbps
1586.232,download,0,2033.82,277865,123.85,Profile 235 kbps
1588.134,download,0,1902.45,210524,123.95,Profile 235 kbps
1590.083,download,0,1948.75,254301,124.00,Profile 235 kbps
1591.971,download,0,1887.72,265395,124.11,Profile 235 kbps
1593.863,download,0,1892.40,238651,124.22,Profile 235 kbps
1595.808,download,0,1944.45,263959,124.28,Profile 235 kbps
1597.625,download,0,1817.62,215029,124.46,Profile 235 kbps
1599.519,download,0,1893.95,250131,124.56,Profile 235 kbps
1601.138,download,0,1618.77,296547,124.95,Profile 235 kbps
1602.883,download,0,1745.22,263559,125.20,Profile 235 kbps
1604.926,download,0,2043.25,231360,125.16,Profile 235 kbps
1606.553,download,0,1627.15,302891,125.53,Profile 235 kbps
1608.356,download,0,1802.71,292489,125.73,Profile 235 kbps
1610.093,download,0,1737.09,277443,125.99,Profile 235 kbps
1611.925,download,0,1832.21,258521,126.16,Profile 235 kbps
1613.939,download,0,2013.23,215045,126.14,Profile 235 kbps
1615.732,download,0,1792.85,287979,126.35,Profile 235 kbps
1617.536,download,0,1804.47,264565,126.55,Profile 235 kbps
1619.487,download,0,1950.52,247725,126.60,Profile 235 kbps
1621.309,download,0,1822.68,247021,126.77,Profile 235 kbps
1623.236,download,0,1927.15,249754,126.85,Profile 235 kbps
1625.053,download,0,1816.89,272171,127.03,Profile 235 kbps
1627.022,download,0,1968.69,208687,127.06,Profile 235 kbps
1628.809,download,0,1786.93,249653,127.27,Profile 235 kbps
1630.686,download,0,1876.82,228071,127.40,Profile 235 kbps
1632.677,download,0,1991.13,260728,127.41,Profile 235 kbps
1634.499,download,0,1822.36,262389,127.58,Profile 235 kbps
1636.122,download,0,1623.17,262449,127.96,Profile 235 kbps
1638.061,download,0,1938.23,231192,128.02,Profile 235 kbps
1639.847,download,0,1786.64,279021,128.24,Profile 235 kbps
1641.726,download,0,1878.83,288626,128.36,Profile 235 kbps
1643.638,download,0,1912.42,263456,128.44,Profile 235 kbps
1645.546,download,0,1907.37,251668,128.54,Profile 235 kbps
1647.511,download,0,1964.90,255296,128.57,Profile 235 kbps
1649.261,download,0,1749.88,276225,128.82,Profile 235 kbps
1651.310,download,0,2049.46,234992,128.77,Profile 235 kbps
1653.230,download,0,1920.30,227807,128.85,Profile 235 kbps
1654.963,download,0,1732.19,280463,129.12,Profile 235 kbps
1656.756,download,0,1793.18,237005,129.33,Profile 235 kbps
1658.510,download,0,1754.03,262198,129.57,Profile 235 kbps
1660.359,download,0,1848.89,235159,129.72,Profile 235 kbps
1662.113,download,0,1754.37,304022,129.97,Profile 235 kbps
1663.941,download,0,1828.24,272761,130.14,Profile 235 kbps
1665.908,download,0,1966.44,245003,130.18,Profile 235 kbps
1667.704,download,0,1796.37,247035,130.38,Profile 235 kbps
1669.696,download,0,1991.69,225368,130.39,Profile 235 kbps
1671.716,download,0,2020.31,243289,130.37,Profile 235 kbps
1673.479,download,0,1762.66,236670,130.60,Profile 235 kbps
1675.070,download,0,1591.50,280832,131.01,Profile 235 kbps
1676.840,download,0,1769.36,247208,131.24,Profile 235 kbps
1678.819,download,0,1979.84,244238,131.26,Profile 235 kbps
1680.543,download,0,1724.00,305675,131.54,Profile 235 kbps
1682.278,download,0,1734.04,249544,131.81,Profile 235 kbps
1684.325,download,0,2047.51,193776,131.76,Profile 235 kbps
1686.166,download,0,1840.57,239352,131.92,Profile 235 kbps
1688.036,download,0,1870.24,256925,132.05,Profile 235 kbps
1689.876,download,0,1840.06,254804,132.21,Profile 235 kbps
1691.660,download,0,1784.29,228684,132.42,Profile 235 kbps
1693.552,download,0,1891.93,244588,132.53,Profile 235 kbps
1695.371,download,0,1819.10,267531,132.71,Profile 235 kbps
1697.101,download,0,1729.79,266992,132.98,Profile 235 kbps
1698.780,download,0,1679.32,300126,133.30,Profile 235 kbps
1700.594,download,0,1813.69,265722,133.49,Profile 235 kbps
1702.434,download,0,1839.76,286903,133.65,Profile 235 kbps
1704.107,download,0,1673.35,258423,133.98,Profile 235 kbps
1705.744,download,0,1637.09,239386,134.34,Profile 235 kbps
1707.920,download,0,2175.41,203853,134.16,Profile 235 kbps
1709.692,download,0,1772.72,279156,134.39,Profile 235 kbps
1711.444,download,0,1751.96,252828,134.64,Profile 235 kbps
1713.206,download,0,1761.66,218604,134.88,Profile 235 kbps
1715.206,download,0,1999.75,232501,134.88,Profile 235 kbps
1717.155,download,0,1949.46,187462,134.93,Profile 235 kbps
1718.865,download,0,1709.95,286811,135.22,Profile 235 kbps
1720.849,download,0,1983.97,202096,135.23,Profile 235 kbps
1722.732,download,0,1882.82,271075,135.35,Profile 235 kbps
1724.591,download,0,1859.30,241174,135.49,Profile 235 kbps
1726.702,download,0,2111.12,275073,135.38,Profile 235 kbps
1728.455,download,0,1752.60,261162,135.63,Profile 235 kbps
1730.295,download,0,1840.57,216659,135.79,Profile 235 kbps
1732.156,download,0,1860.12,221895,135.93,Profile 235 kbps
1733.990,download,0,1833.95,203399,136.09,Profile 235 kbps
1735.807,download,0,1817.68,246851,136.28,Profile 235 kbps
1737.632,download,0,1825.05,272374,136.45,Profile 235 kbps
1739.663,download,0,2030.87,245412,136.42,Profile 235 kbps
1741.729,download,0,2066.10,233905,136.35,Profile 235 kbps
1743.463,download,0,1733.35,299332,136.62,Profile 235 kbps
1745.281,download,0,1818.12,264696,136.80,Profile 235 kbps
1747.263,download,0,1981.97,225033,136.82,Profile 235 kbps
1748.997,download,0,1734.14,267586,137.09,Profile 235 kbps
1750.910,download,0,1912.83,205952,137.17,Profile 235 kbps
1752.695,download,0,1785.80,296033,137.39,Profile 235 kbps
1754.815,download,0,2119.36,207980,137.27,Profile 235 kbps
1756.650,download,0,1834.68,236331,137.43,Profile 235 kbps
1758.399,download,0,1749.48,303514,137.68,Profile 235 kbps
1760.188,download,0,1789.05,284106,137.90,Profile 235 kbps
1761.929,download,0,1740.93,267117,138.15,Profile 235 kbps
1763.678,download,0,1749.39,250286,138.40,Profile 235 kbps
1765.579,download,0,1900.74,265420,138.50,Profile 235 kbps
1767.631,download,0,2052.29,217868,138.45,Profile 235 kbps
1769.547,download,0,1915.18,274080,138.54,Profile 235 kbps
1771.377,download,0,1830.23,218548,138.71,Profile 235 kbps
1773.325,download,0,1948.15,216340,138.76,Profile 235 kbps
1775.122,download,0,1797.31,267805,138.96,Profile 235 kbps
1776.839,download,0,1717.01,296138,139.24,Profile 235 kbps
1778.641,download,0,1801.49,284795,139.44,Profile 235 kbps
1780.582,download,0,1941.39,260226,139.50,Profile 235 kbps
1782.473,download,0,1891.06,228637,139.61,Profile 235 kbps
1784.309,download,0,1835.82,257450,139.77,Profile 235 kbps
1786.089,download,0,1779.97,233842,139.99,Profile 235 kbps
1788.057,download,0,1967.79,269643,140.03,Profile 235 kbps
1790.099,download,0,2041.74,242166,139.98,Profile 235 kbps
1791.783,download,0,1684.83,262175,140.30,Profile 235 kbps
1793.773,download,0,1989.39,190024,140.31,Profile 235 kbps
1795.625,download,0,1852.21,266868,140.46,Profile 235 kbps
1797.581,download,0,1956.33,244118,140.50,Profile 235 kbps
1799.532,download,0,1950.29,196410,140.55,Profile 235 kbps
1801.477,download,0,1944.92,231808,140.61,Profile 235 kbps
1803.434,download,0,1957.06,255845,140.65,Profile 235 kbps
1805.388,download,0,1954.05,213460,140.70,Profile 235 kbps
1807.249,download,0,1861.34,219691,140.83,Profile 235 kbps
1808.954,download,0,1704.88,297082,141.13,Profile 235 kbps
1810.796,download,0,1842.24,247164,141.29,Profile 235 kbps
1812.408,download,0,1612.38,286736,141.67,Profile 235 kbps
1814.295,download,0,1886.53,321618,141.79,Profile 235 kbps
1815.969,download,0,1673.61,273750,142.11,Profile 235 kbps
1817.784,download,0,1815.70,292458,142.30,Profile 235 kbps
1819.650,download,0,1865.19,273332,142.43,Profile 235 kbps
1821.307,download,0,1657.70,255694,142.78,Profile 235 kbps
1823.096,download,0,1789.12,296955,142.99,Profile 235 kbps
1825.093,download,0,1997.13,197944,142.99,Profile 235 kbps
1826.904,download,0,1810.88,241775,143.18,Profile 235 kbps
1828.665,download,0,1760.43,302868,143.42,Profile 235 kbps
1830.606,download,0,1941.66,224155,143.48,Profile 235 kbps
1832.453,download,0,1846.13,300101,143.63,Profile 235 kbps
1834.320,download,0,1867.29,241167,143.76,Profile 235 kbps
1835.994,download,0,1674.37,264429,144.09,Profile 235 kbps
1837.811,download,0,1816.79,252960,144.27,Profile 235 kbps
1839.719,download,0,1907.63,276615,144.36,Profile 235 kbps
1841.636,download,0,1917.58,256314,144.45,Profile 235 kbps
1843.535,download,0,1898.88,232945,144.55,Profile 235 kbps
1845.404,download,0,1868.99,198340,144.68,Profile 235 kbps
1847.487,download,0,2082.83,199940,144.60,Profile 235 kbps
1849.325,download,0,1837.90,278039,144.76,Profile 235 kbps
1851.227,download,0,1902.14,232606,144.86,Profile 235 kbps
1853.101,download,0,1873.83,253240,144.98,Profile 235 kbps
1855.043,download,0,1942.40,233999,145.04,Profile 235 kbps
1856.989,download,0,1945.39,209168,145.09,Profile 235 kbps
1858.792,download,0,1803.22,254172,145.29,Profile 235 kbps
1860.704,download,0,1911.80,263822,145.38,Profile 235 kbps
1862.425,download,0,1721.27,295605,145.66,Profile 235 kbps
1864.445,download,0,2020.25,226126,145.64,Profile 235 kbps
1866.192,download,0,1747.00,296856,145.89,Profile 235 kbps
1868.221,download,0,2028.40,247016,145.86,Profile 235 kbps
1869.912,download,0,1691.18,276015,146.17,Profile 235 kbps
1871.662,download,0,1749.80,241029,146.42,Profile 235 kbps
1873.485,download,0,1823.06,291558,146.60,Profile 235 kbps
1875.257,download,0,1772.46,279869,146.83,Profile 235 kbps
1877.043,download,0,1785.85,216260,147.04,Profile 235 kbps
1878.854,download,0,1811.34,286598,147.23,Profile 235 kbps
1880.797,download,0,1942.91,241378,147.29,Profile 235 kbps
1882.600,download,0,1802.81,222626,147.48,Profile 235 kbps
1884.358,download,0,1757.86,278967,147.73,Profile 235 kbps
1886.254,download,0,1895.92,240394,147.83,Profile 235 kbps
1888.138,download,0,1884.59,293802,147.94,Profile 235 kbps
1889.932,download,0,1793.26,240724,148.15,Profile 235 kbps
1891.805,download,0,1873.41,192757,148.28,Profile 235 kbps
1893.730,download,0,1925.24,257689,148.35,Profile 235 kbps
1895.418,download,0,1688.10,289964,148.66,Profile 235 kbps
1897.535,download,0,2117.18,196204,148.55,Profile 235 kbps
1899.462,download,0,1926.13,226498,148.62,Profile 235 kbps
1901.357,download,0,1895.85,200197,148.73,Profile 235 kbps
1903.235,download,0,1877.94,225034,148.85,Profile 235 kbps
1905.070,download,0,1834.38,299559,149.01,Profile 235 kbps
1906.973,download,0,1903.27,205671,149.11,Profile 235 kbps
1908.936,download,0,1963.32,204946,149.15,Profile 235 kbps
1910.706,download,0,1769.63,304028,149.38,Profile 235 kbps
1912.582,download,0,1875.71,287720,149.50,Profile 235 kbps
1914.615,download,0,2032.84,236669,149.47,Profile 235 kbps
1916.501,download,0,1886.50,273981,149.58,Profile 235 kbps
1918.191,download,0,1689.68,256437,149.89,Profile 235 kbps
1920.072,download,0,1880.82,287096,150.01,Profile 235 kbps
1921.955,download,0,1883.91,246882,150.13,Profile 235 kbps
1923.811,download,0,1855.62,211880,150.27,Profile 235 kbps
1925.703,download,0,1892.37,239721,150.38,Profile 235 kbps
1927.815,download,0,2111.74,219061,150.27,Profile 235 kbps
1929.656,download,0,1840.52,229621,150.43,Profile 235 kbps
1931.496,download,0,1840.01,248038,150.59,Profile 235 kbps
1933.338,download,0,1842.36,262815,150.75,Profile 235 kbps
1935.108,download,0,1770.10,311807,150.98,Profile 235 kbps
1936.857,download,0,1748.40,257923,151.23,Profile 235 kbps
1938.580,download,0,1723.31,279039,151.50,Profile 235 kbps
1940.657,download,0,2077.57,256658,151.43,Profile 235 kbps
1942.515,download,0,1857.50,214521,151.57,Profile 235 kbps
1944.369,download,0,1854.36,224229,151.71,Profile 235 kbps
1946.465,download,0,2095.52,202856,151.62,Profile 235 kbps
1948.347,download,0,1882.38,232803,151.74,Profile 235 kbps
1950.196,download,0,1849.14,211860,151.89,Profile 235 kbps
1952.136,download,0,1939.96,251532,151.95,Profile 235 kbps
1953.888,download,0,1751.50,215139,152.20,Profile 235 kbps
1955.810,download,0,1921.93,257520,152.27,Profile 235 kbps
1957.918,download,0,2108.12,192657,152.17,Profile 235 kbps
1959.927,download,0,2009.30,236321,152.16,Profile 235 kbps
1961.981,download,0,2053.85,210559,152.10,Profile 235 kbps
1963.962,download,0,1980.58,248675,152.12,Profile 235 kbps
1965.771,download,0,1809.07,209810,152.31,Profile 235 kbps
1967.677,download,0,1906.72,208257,152.41,Profile 235 kbps
1969.425,download,0,1747.83,251091,152.66,Profile 235 kbps
1971.274,download,0,1848.94,315412,152.81,Profile 235 kbps
1973.009,download,0,1734.79,263626,153.07,Profile 235 kbps
1974.742,download,0,1732.89,258823,153.34,Profile 235 kbps
1976.631,download,0,1888.87,235879,153.45,Profile 235 kbps
1978.355,download,0,1723.86,285555,153.73,Profile 235 kbps
1980.180,download,0,1825.62,264874,153.90,Profile 235 kbps
1981.950,download,0,1769.89,286871,154.13,Profile 235 kbps
1983.740,download,0,1790.16,246592,154.34,Profile 235 kbps
1985.652,download,0,1911.49,225349,154.43,Profile 235 kbps
1987.560,download,0,1908.71,232933,154.52,Profile 235 kbps
1989.371,download,0,1810.54,270001,154.71,Profile 235 kbps
1991.364,download,0,1993.21,261520,154.72,Profile 235 kbps
1993.215,download,0,1851.29,223027,154.87,Profile 235 kbps
1995.259,download,0,2043.41,207010,154.82,Profile 235 kbps
1997.147,download,0,1888.46,236497,154.94,Profile 235 kbps
1999.059,download,0,1911.20,279339,155.02,Profile 235 kbps
2000.746,download,0,1687.70,259918,155.34,Profile 235 kbps
2002.697,download,0,1951.24,273829,155.39,Profile 235 kbps
2004.835,download,0,2137.50,201877,155.25,Profile 235 kbps
2006.713,download,0,1877.64,249440,155.37,Profile 235 kbps
2008.557,download,0,1844.38,265785,155.53,Profile 235 kbps
2010.456,download,0,1899.38,283313,155.63,Profile 235 kbps
2012.220,download,0,1763.53,258650,155.86,Profile 235 kbps
2014.036,download,0,1816.48,277191,156.05,Profile 235 kbps
2015.658,download,0,1621.35,273540,156.43,Profile 235 kbps
2017.455,download,0,1796.99,263512,156.63,Profile 235 kbps
2019.055,download,0,1600.03,248665,157.03,Profile 235 kbps
2020.793,download,0,1738.38,289939,157.29,Profile 235 kbps
2022.801,download,0,2007.60,232652,157.28,Profile 235 kbps
2024.611,download,0,1810.32,278948,157.47,Profile 235 kbps
2026.416,download,0,1805.32,275165,157.67,Profile 235 kbps
2028.307,download,0,1890.29,253337,157.78,Profile 235 kbps
2030.194,download,0,1886.84,243442,157.89,Profile 235 kbps
2031.956,download,0,1762.14,275110,158.13,Profile 235 kbps
2033.889,download,0,1933.68,264739,158.19,Profile 235 kbps
2035.599,download,0,1710.03,220801,158.48,Profile 235 kbps
2037.383,download,0,1783.60,297169,158.70,Profile 235 kbps
2039.442,download,0,2059.06,235094,158.64,Profile 235 kbps
2041.310,download,0,1868.41,258641,158.77,Profile 235 kbps
2043.086,download,0,1775.86,250857,159.00,Profile 235 kbps
2045.080,download,0,1993.63,247392,159.00,Profile 235 kbps
2046.852,download,0,1772.14,297706,159.23,Profile 235 kbps
2048.714,download,0,1861.63,265316,159.37,Profile 235 kbps
2050.568,download,0,1854.49,281724,159.52,Profile 235 kbps
2052.418,download,0,1850.16,246846,159.66,Profile 235 kbps
2054.458,download,0,2039.82,187221,159.63,Profile 235 kbps
2056.190,download,0,1732.18,293194,159.89,Profile 235 kbps
2058.011,download,0,1820.26,210673,160.07,Profile 235 kbps
2059.860,download,0,1849.05,266304,160.22,Profile 235 kbps
2061.856,download,0,1996.49,247350,160.23,Profile 235 kbps
2063.691,download,0,1834.72,292243,160.39,Profile 235 kbps
2065.529,download,0,1837.82,294418,160.55,Profile 235 kbps
2067.438,download,0,1908.93,199299,160.65,Profile 235 kbps
2069.500,download,0,2061.95,218958,160.58,Profile 235 kbps
2071.306,download,0,1806.38,254418,160.78,Profile 235 kbps
2073.017,download,0,1711.50,335164,161.07,Profile 235 kbps
2075.013,download,0,1995.44,221942,161.07,Profile 235 kbps
2077.049,download,0,2035.97,225324,161.03,Profile 235 kbps
2078.958,download,0,1908.79,218652,161.13,Profile 235 kbps
2080.749,download,0,1791.84,206514,161.33,Profile 235 kbps
2082.695,download,0,1945.51,232239,161.39,Profile 235 kbps
2084.684,download,0,1988.54,252350,161.40,Profile 235 kbps
2086.734,download,0,2050.67,246034,161.35,Profile 235 kbps
2088.532,download,0,1797.89,315107,161.55,Profile 235 kbps
2090.365,download,0,1833.32,246181,161.72,Profile 235 kbps
2092.322,download,0,1956.52,269462,161.76,Profile 235 kbps
2094.221,download,0,1899.27,251882,161.86,Profile 235 kbps
2096.005,download,0,1784.30,231768,162.08,Profile 235 kbps
2097.868,download,0,1862.69,226382,162.22,Profile 235 kbps
2099.742,download,0,1874.20,238177,162.34,Profile 235 kbps
2101.596,download,0,1853.66,222599,162.49,Profile 235 kbps
2103.422,download,0,1826.07,270040,162.66,Profile 235 kbps
2105.380,download,0,1957.85,256911,162.70,Profile 235 kbps
2107.294,download,0,1914.12,281993,162.79,Profile 235 kbps
2109.121,download,0,1826.75,263139,162.96,Profile 235 kbps
2110.842,download,0,1721.48,256375,163.24,Profile 235 kbps
2112.708,download,0,1866.00,246357,163.37,Profile 235 kbps
2114.476,download,0,1768.12,247820,163.61,Profile 235 kbps
2116.106,download,0,1629.25,266600,163.98,Profile 235 kbps
2117.961,download,0,1854.81,258696,164.12,Profile 235 kbps
2119.691,download,0,1730.65,263064,164.39,Profile 235 kbps
2121.531,download,0,1840.26,236580,164.55,Profile 235 kbps
2123.344,download,0,1813.07,186645,164.74,Profile 235 kbps
2125.355,download,0,2010.46,252229,164.73,Profile 235 kbps
2127.276,download,0,1921.27,253554,164.81,Profile 235 kbps
2129.062,download,0,1786.00,287740,165.02,Profile 235 kbps
2130.875,download,0,1813.14,276365,165.21,Profile 235 kbps
2132.725,download,0,1849.32,244414,165.36,Profile 235 kbps
2134.541,download,0,1816.01,257786,165.54,Profile 235 kbps
2136.222,download,0,1681.52,310647,165.86,Profile 235 kbps
2138.001,download,0,1779.19,230330,166.08,Profile 235 kbps
2139.887,download,0,1885.47,219842,166.20,Profile 235 kbps
2141.568,download,0,1680.93,322469,166.52,Profile 235 kbps
2143.544,download,0,1975.78,218008,166.54,Profile 235 kbps
2145.328,download,0,1784.48,206299,166.76,Profile 235 kbps
2147.162,download,0,1833.85,252414,166.92,Profile 235 kbps
2148.789,download,0,1627.60,314427,167.29,Profile 235 kbps
2150.528,download,0,1738.78,279097,167.55,Profile 235 kbps
2152.328,download,0,1799.85,274418,167.76,Profile 235 kbps
2154.234,download,0,1905.76,297457,167.85,Profile 235 kbps
2156.173,download,0,1938.85,233301,167.91,Profile 235 kbps
2158.104,download,0,1931.48,282676,167.98,Profile 235 kbps
2159.936,download,0,1831.49,275229,168.15,Profile 235 kbps
2161.610,download,0,1674.09,304299,168.47,Profile 235 kbps
2163.320,download,0,1710.57,254474,168.76,Profile 235 kbps
2165.497,download,0,2176.50,220074,168.59,Profile 235 kbps
2167.239,download,0,1742.23,256288,168.84,Profile 235 kbps
2169.048,download,0,1809.29,251662,169.03,Profile 235 kbps
2170.939,download,0,1890.83,283047,169.14,Profile 235 kbps
2172.875,download,0,1936.22,215818,169.21,Profile 235 kbps
2174.897,download,0,2021.08,233187,169.19,Profile 235 kbps
2176.539,download,0,1642.35,302806,169.54,Profile 235 kbps
2178.547,download,0,2007.94,272530,169.54,Profile 235 kbps
2180.406,download,0,1858.72,259228,169.68,Profile 235 kbps
2182.417,download,0,2011.58,188763,169.67,Profile 235 kbps
2184.183,download,0,1766.00,248068,169.90,Profile 235 kbps
2186.138,download,0,1955.37,233073,169.94,Profile 235 kbps
2187.855,download,0,1716.32,263708,170.23,Profile 235 kbps
2189.842,download,0,1987.11,242140,170.24,Profile 235 kbps
2191.914,download,0,2072.06,195539,170.17,Profile 235 kbps
2193.691,download,0,1776.93,245578,170.39,Profile 235 kbps
2195.464,download,0,1772.83,248317,170.62,Profile 235 kbps
2197.367,download,0,1903.37,275293,170.72,Profile 235 kbps
2199.337,download,0,1969.70,278609,170.75,Profile 235 kbps
2201.269,download,0,1932.37,241755,170.81,Profile 235 kbps
2203.034,download,0,1765.20,305874,171.05,Profile 235 kbps
2204.987,download,0,1952.53,243135,171.10,Profile 235 kbps
2206.711,download,0,1724.08,227558,171.37,Profile 235 kbps
2208.506,download,0,1795.15,215488,171.58,Profile 235 kbps
2210.452,download,0,1945.82,246432,171.63,Profile 235 kbps
2212.385,download,0,1932.77,294640,171.70,Profile 235 kbps
2214.258,download,0,1873.75,255697,171.82,Profile 235 kbps
2216.154,download,0,1895.82,236120,171.93,Profile 235 kbps
2218.100,download,0,1945.70,215589,171.98,Profile 235 kbps
2219.832,download,0,1731.82,230117,172.25,Profile 235 kbps
2221.682,download,0,1849.78,267768,172.40,Profile 235 kbps
2223.371,download,0,1689.70,295361,172.71,Profile 235 kbps
2225.385,download,0,2014.21,261061,172.70,Profile 235 kbps
2227.136,download,0,1750.47,256128,172.95,Profile 235 kbps
2229.031,download,0,1894.60,266994,173.05,Profile 235 kbps
2230.795,download,0,1764.17,277003,173.29,Profile 235 kbps
2232.515,download,0,1720.03,317705,173.57,Profile 235 kbps
2234.514,download,0,1999.45,254142,173.57,Profile 235 kbps
2236.341,download,0,1827.20,261900,173.74,Profile 235 kbps
2238.154,download,0,1812.97,249408,173.93,Profile 235 kbps
2239.880,download,0,1725.22,262005,174.20,Profile 235 kbps
2241.878,download,0,1998.55,203508,174.21,Profile 235 kbps
2244.066,download,0,2187.83,215527,174.02,Profile 235 kbps
2245.869,download,0,1803.11,256002,174.21,Profile 235 kbps
2247.969,download,0,2099.57,273976,174.11,Profile 235 kbps
2249.718,download,0,1749.66,282812,174.36,Profile 235 kbps
2251.648,download,0,1929.60,271973,174.44,Profile 235 kbps
2253.483,download,0,1835.59,245445,174.60,Profile 235 kbps
2255.379,download,0,1895.90,248941,174.70,Profile 235 kbps
2257.308,download,0,1928.97,246810,174.77,Profile 235 kbps
2259.000,download,0,1691.32,252938,175.08,Profile 235 kbps
2261.007,download,0,2006.90,195553,175.08,Profile 235 kbps
2262.915,download,0,1908.50,224461,175.17,Profile 235 kbps
2264.731,download,0,1815.69,267077,175.35,Profile 235 kbps
2266.629,download,0,1898.56,262460,175.45,Profile 235 kbps
2268.434,download,0,1804.86,264898,175.65,Profile 235 kbps
2270.283,download,0,1849.01,275326,175.80,Profile 235 kbps
2272.044,download,0,1760.57,267422,176.04,Profile 235 kbps
2273.853,download,0,1809.29,233395,176.23,Profile 235 kbps
2275.552,download,0,1698.77,309212,176.53,Profile 235 kbps
2277.275,download,0,1722.72,250367,176.81,Profile 235 kbps
2279.064,download,0,1789.92,253030,177.02,Profile 235 kbps
2280.987,download,0,1922.68,256799,177.10,Profile 235 kbps
2283.019,download,0,2031.68,245842,177.06,Profile 235 kbps
2285.074,download,0,2055.27,229198,177.01,Profile 235 kbps
2286.892,download,0,1817.76,216623,177.19,Profile 235 kbps
2288.754,download,0,1862.33,233346,177.33,Profile 235 kbps
2290.571,download,0,1816.91,280552,177.51,Profile 235 kbps
2292.325,download,0,1754.38,279447,177.76,Profile 235 kbps
2294.085,download,0,1759.77,274796,178.00,Profile 235 kbps
2295.850,download,0,1764.27,288387,178.23,Profile 235 kbps
2297.645,download,0,1795.64,231214,178.44,Profile 235 kbps
2299.508,download,0,1863.03,261281,178.58,Profile 235 kbps
2301.492,download,0,1984.23,247637,178.59,Profile 235 kbps
2303.229,download,0,1736.47,248130,178.85,Profile 235 kbps
2304.959,download,0,1729.96,260676,179.12,Profile 235 kbps
2306.791,download,0,1832.28,199878,179.29,Profile 235 kbps
2308.526,download,0,1735.20,277543,179.56,Profile 235 kbps
2310.359,download,0,1833.04,301444,179.72,Profile 235 kbps
2312.151,download,0,1791.57,223254,179.93,Profile 235 kbps
2313.877,download,0,1725.75,245561,180.21,Profile 235 kbps
2315.819,download,0,1942.56,226118,180.26,Profile 235 kbps
2317.683,download,0,1863.83,251623,180.40,Profile 235 kbps
2319.271,download,0,1588.37,311751,180.81,Profile 235 kbps
2320.921,download,0,1649.43,250394,181.16,Profile 235 kbps
2322.662,download,0,1741.05,252284,181.42,Profile 235 kbps
2324.411,download,0,1749.48,267961,181.67,Profile 235 kbps
2326.263,download,0,1851.75,245666,181.82,Profile 235 kbps
2328.063,download,0,1799.81,294982,182.02,Profile 235 kbps
2329.823,download,0,1760.07,300742,182.26,Profile 235 kbps
2331.617,download,0,1793.90,226010,182.47,Profile 235 kbps
2333.589,download,0,1971.98,257342,182.49,Profile 235 kbps
2335.491,download,0,1901.60,233198,182.59,Profile 235 kbps
2337.397,download,0,1906.29,238435,182.69,Profile 235 kbps
2339.153,download,0,1756.35,251399,182.93,Profile 235 kbps
2341.064,download,0,1910.94,229303,183.02,Profile 235 kbps
2342.890,download,0,1825.47,231699,183.19,Profile 235 kbps
2344.788,download,0,1898.42,249749,183.30,Profile 235 kbps
2346.646,download,0,1858.27,257207,183.44,Profile 235 kbps
2348.644,download,0,1997.45,193435,183.44,Profile 235 kbps
2350.431,download,0,1787.09,215877,183.65,Profile 235 kbps
2352.136,download,0,1705.23,251509,183.95,Profile 235 kbps
2353.989,download,0,1852.95,281639,184.09,Profile 235 kbps
2355.812,download,0,1822.54,229688,184.27,Profile 235 kbps
2357.789,download,0,1977.88,226808,184.29,Profile 235 kbps
2359.837,download,0,2047.42,214396,184.25,Profile 235 kbps
2361.785,download,0,1947.84,243227,184.30,Profile 235 kbps
2363.656,download,0,1871.38,235368,184.43,Profile 235 kbps
2365.396,download,0,1740.05,274516,184.69,Profile 235 kbps
2367.454,download,0,2058.23,262602,184.63,Profile 235 kbps
2369.260,download,0,1805.69,280384,184.82,Profile 235 kbps
2371.207,download,0,1946.68,256337,184.88,Profile 235 kbps
2372.885,download,0,1678.02,307910,185.20,Profile 235 kbps
2374.889,download,0,2004.03,212324,185.19,Profile 235 kbps
2376.643,download,0,1753.99,195746,185.44,Profile 235 kbps
2378.525,download,0,1882.68,249861,185.56,Profile 235 kbps
2380.369,download,0,1843.82,264191,185.71,Profile 235 kbps
2382.491,download,0,2121.62,215945,185.59,Profile 235 kbps
2384.254,download,0,1762.81,252788,185.83,Profile 235 kbps
2386.235,download,0,1981.61,237269,185.85,Profile 235 kbps
2388.117,download,0,1882.14,252857,185.97,Profile 235 kbps
2390.048,download,0,1930.22,231153,186.04,Profile 235 kbps
2391.941,download,0,1893.16,240787,186.14,Profile 235 kbps
2393.797,download,0,1856.20,242733,186.29,Profile 235 kbps
2395.625,download,0,1828.48,275552,186.46,Profile 235 kbps
2397.513,download,0,1887.32,191726,186.57,Profile 235 kbps
2399.444,download,0,1931.08,231684,186.64,Profile 235 kbps
2401.113,download,0,1668.83,292338,186.97,Profile 235 kbps
2402.924,download,0,1811.51,215365,187.16,Profile 235 kbps
2404.910,download,0,1985.69,235062,187.17,Profile 235 kbps
2406.933,download,0,2023.06,210774,187.15,Profile 235 kbps
2408.701,download,0,1768.49,271368,187.38,Profile 235 kbps
2410.500,download,0,1799.04,232030,187.58,Profile 235 kbps
2412.441,download,0,1940.22,237854,187.64,Profile 235 kbps
2414.326,download,0,1885.31,283769,187.76,Profile 235 kbps
2416.101,download,0,1774.72,291769,187.98,Profile 235 kbps
2417.962,download,0,1861.72,284464,188.12,Profile 235 kbps
2419.922,download,0,1959.48,257044,188.16,Profile 235 kbps
2421.708,download,0,1786.30,263225,188.38,Profile 235 kbps
2423.579,download,0,1870.89,282684,188.50,Profile 235 kbps
2425.527,download,0,1947.90,251093,188.56,Profile 235 kbps
2427.391,download,0,1864.47,256185,188.69,Profile 235 kbps
2429.037,download,0,1645.37,308644,189.05,Profile 235 kbps
2430.894,download,0,1857.01,244217,189.19,Profile 235 kbps
2432.784,download,0,1890.56,243454,189.30,Profile 235 kbps
2434.679,download,0,1894.66,235357,189.40,Profile 235 kbps
2436.409,download,0,1730.37,268932,189.67,Profile 235 kbps
2438.348,download,0,1938.08,240845,189.74,Profile 235 kbps
2439.940,download,0,1592.95,303743,190.14,Profile 235 kbps
2441.643,download,0,1702.24,295196,190.44,Profile 235 kbps
2443.675,download,0,2032.69,210350,190.41,Profile 235 kbps
2445.464,download,0,1788.82,319786,190.62,Profile 235 kbps
2447.166,download,0,1702.11,258714,190.92,Profile 235 kbps
2449.159,download,0,1992.65,253836,190.92,Profile 235 kbps
2451.016,download,0,1856.58,286058,191.07,Profile 235 kbps
2452.757,download,0,1741.17,231784,191.33,Profile 235 kbps
2454.414,download,0,1657.71,302963,191.67,Profile 235 kbps
2456.230,download,0,1815.85,257827,191.85,Profile 235 kbps
2458.043,download,0,1812.71,269590,192.04,Profile 235 kbps
2460.089,download,0,2046.25,233645,191.99,Profile 235 kbps
2462.214,download,0,2125.00,146086,191.87,Profile 235 kbps
2464.208,download,0,1994.21,228670,191.87,Profile 235 kbps
2466.074,download,0,1865.36,261959,192.01,Profile 235 kbps
2467.859,download,0,1785.06,269369,192.22,Profile 235 kbps
2469.725,download,0,1865.98,267042,192.36,Profile 235 kbps
2471.701,download,0,1975.78,257199,192.38,Profile 235 kbps
2473.476,download,0,1775.14,236452,192.61,Profile 235 kbps
2475.389,download,0,1912.81,258041,192.69,Profile 235 kbps
2477.179,download,0,1790.76,294726,192.90,Profile 235 kbps
2479.048,download,0,1868.42,245427,193.04,Profile 235 kbps
2480.921,download,0,1872.99,245832,193.16,Profile 235 kbps
2482.670,download,0,1749.62,242384,193.41,Profile 235 kbps
2484.505,download,0,1834.73,255937,193.58,Profile 235 kbps
2486.267,download,0,1761.98,243567,193.82,Profile 235 kbps
2488.094,download,0,1827.01,268206,193.99,Profile 235 kbps
2489.884,download,0,1789.41,275228,194.20,Profile 235 kbps
2491.936,download,0,2052.55,231045,194.15,Profile 235 kbps
2493.730,download,0,1793.58,270511,194.35,Profile 235 kbps
2495.683,download,0,1952.88,198046,194.40,Profile 235 kbps
2497.482,download,0,1799.82,319979,194.60,Profile 235 kbps
2499.377,download,0,1894.89,243168,194.71,Profile 235 kbps
2501.244,download,0,1866.45,263941,194.84,Profile 235 kbps
2503.055,download,0,1811.56,238234,195.03,Profile 235 kbps
2504.887,download,0,1831.69,238857,195.20,Profile 235 kbps
2506.756,download,0,1868.75,239356,195.33,Profile 235 kbps
2508.530,download,0,1773.97,260789,195.55,Profile 235 kbps
2510.322,download,0,1792.58,268466,195.76,Profile 235 kbps
2512.199,download,0,1876.42,254447,195.88,Profile 235 kbps
2514.043,download,0,1844.51,257603,196.04,Profile 235 kbps
2516.002,download,0,1958.34,252001,196.08,Profile 235 kbps
2517.662,download,0,1660.18,237704,196.42,Profile 235 kbps
2519.638,download,0,1976.38,195181,196.45,Profile 235 kbps
2521.703,download,0,2064.71,194452,196.38,Profile 235 kbps
2523.746,download,0,2043.27,237039,196.34,Profile 235 kbps
2525.599,download,0,1852.95,242351,196.48,Profile 235 kbps
2527.579,download,0,1979.92,235407,196.50,Profile 235 kbps
2529.492,download,0,1913.31,282542,196.59,Profile 235 kbps
2531.481,download,0,1989.16,249769,196.60,Profile 235 kbps
2533.396,download,0,1914.14,261030,196.69,Profile 235 kbps
2535.378,download,0,1982.46,235215,196.71,Profile 235 kbps
2537.272,download,0,1893.99,242261,196.81,Profile 235 kbps
2539.197,download,0,1924.99,258599,196.89,Profile 235 kbps
2541.201,download,0,2004.16,277898,196.88,Profile 235 kbps
2543.113,download,0,1911.58,208741,196.97,Profile 235 kbps
2544.965,download,0,1852.73,263861,197.12,Profile 235 kbps
2546.895,download,0,1929.47,229049,197.19,Profile 235 kbps
2548.814,download,0,1919.21,249995,197.27,Profile 235 kbps
2550.916,download,0,2101.39,202963,197.17,Profile 235 kbps
2552.883,download,0,1967.15,207187,197.20,Profile 235 kbps
2554.801,download,0,1918.63,258764,197.28,Profile 235 kbps
2556.589,download,0,1787.20,255340,197.49,Profile 235 kbps
2558.472,download,0,1883.12,273614,197.61,Profile 235 kbps
2560.419,download,0,1947.81,228076,197.66,Profile 235 kbps
2562.285,download,0,1865.90,259829,197.80,Profile 235 kbps
2563.895,download,0,1609.75,292686,198.19,Profile 235 kbps
2565.652,download,0,1757.04,224668,198.43,Profile 235 kbps
2567.596,download,0,1943.52,245184,198.49,Profile 235 kbps
2569.349,download,0,1752.91,272561,198.73,Profile 235 kbps
2571.053,download,0,1704.74,293972,199.03,Profile 235 kbps
2572.810,download,0,1756.83,268780,199.27,Profile 235 kbps
2574.496,download,0,1685.41,284759,199.59,Profile 235 kbps
2576.468,download,0,1971.99,229677,199.62,Profile 235 kbps
2578.383,download,0,1915.50,269126,199.70,Profile 235 kbps
2580.186,download,0,1802.70,268021,199.90,Profile 235 kbps
2582.041,download,0,1855.18,234491,200.04,Profile 235 kbps
2583.620,download,0,1579.26,238922,200.46,Profile 235 kbps
2585.533,download,0,1912.58,239685,200.55,Profile 235 kbps
2587.576,download,0,2042.75,190998,200.51,Profile 235 kbps
2589.466,download,0,1890.98,267062,200.62,Profile 235 kbps
2591.409,download,0,1942.78,282338,200.67,Profile 235 kbps
2593.261,download,0,1851.39,203907,200.82,Profile 235 kbps
2595.343,download,0,2081.84,228440,200.74,Profile 235 kbps
2597.143,download,0,1800.80,306073,200.94,Profile 235 kbps
2599.032,download,0,1888.48,237749,201.05,Profile 235 kbps
2600.979,download,0,1947.43,275954,201.10,Profile 235 kbps
2602.771,download,0,1791.90,255273,201.31,Profile 235 kbps
2604.661,download,0,1890.05,293656,201.42,Profile 235 kbps
2606.359,download,0,1698.21,303180,201.72,Profile 235 kbps
2608.203,download,0,1843.58,302949,201.88,Profile 235 kbps
2610.100,download,0,1896.60,206323,201.98,Profile 235 kbps
2611.929,download,0,1829.07,284301,202.15,Profile 235 kbps
2613.706,download,0,1777.01,216999,202.38,Profile 235 kbps
2615.609,download,0,1903.43,226950,202.47,Profile 235 kbps
2617.592,download,0,1982.53,267129,202.49,Profile 235 kbps
2619.593,download,0,2001.65,242372,202.49,Profile 235 kbps
2621.419,download,0,1825.36,298264,202.66,Profile 235 kbps
2623.394,download,0,1975.78,264297,202.69,Profile 235 kbps
2625.208,download,0,1813.98,224126,202.87,Profile 235 kbps
2626.992,download,0,1783.34,254605,203.09,Profile 235 kbps
2628.839,download,0,1847.36,236199,203.24,Profile 235 kbps
2630.766,download,0,1927.44,211269,203.32,Profile 235 kbps
2632.890,download,0,2123.41,231699,203.19,Profile 235 kbps
2634.691,download,0,1801.28,282271,203.39,Profile 235 kbps
2636.327,download,0,1636.20,325954,203.76,Profile 235 kbps
2638.259,download,0,1931.28,251712,203.82,Profile 235 kbps
2640.006,download,0,1747.40,231201,204.08,Profile 235 kbps
2641.858,download,0,1851.95,237696,204.23,Profile 235 kbps
2643.712,download,0,1854.24,301553,204.37,Profile 235 kbps
2645.285,download,0,1573.12,314235,204.80,Profile 235 kbps
2647.140,download,0,1854.37,238843,204.94,Profile 235 kbps
2649.063,download,0,1923.01,252079,205.02,Profile 235 kbps
2651.009,download,0,1946.40,240107,205.07,Profile 235 kbps
2652.873,download,0,1863.91,260227,205.21,Profile 235 kbps
2654.638,download,0,1765.22,221385,205.44,Profile 235 kbps
2656.496,download,0,1857.31,255083,205.59,Profile 235 kbps
2658.310,download,0,1814.23,252043,205.77,Profile 235 kbps
2660.232,download,0,1921.97,222555,205.85,Profile 235 kbps
2661.946,download,0,1714.00,283047,206.14,Profile 235 kbps
2663.880,download,0,1934.64,271124,206.20,Profile 235 kbps
2665.700,download,0,1819.19,264394,206.38,Profile 235 kbps
2667.652,download,0,1952.85,264766,206.43,Profile 235 kbps
2669.518,download,0,1865.33,276399,206.57,Profile 235 kbps
2671.287,download,0,1769.28,260323,206.80,Profile 235 kbps
2673.103,download,0,1815.98,247483,206.98,Profile 235 kbps
2675.038,download,0,1934.56,217438,207.05,Profile 235 kbps
2676.911,download,0,1873.40,225315,207.17,Profile 235 kbps
2678.649,download,0,1737.94,296259,207.43,Profile 235 kbps
2680.602,download,0,1953.10,237076,207.48,Profile 235 kbps
2682.523,download,0,1920.45,261159,207.56,Profile 235 kbps
2684.252,download,0,1729.90,273903,207.83,Profile 235 kbps
2686.094,download,0,1841.30,290677,207.99,Profile 235 kbps
2687.870,download,0,1776.49,262446,208.21,Profile 235 kbps
2689.805,download,0,1934.76,202510,208.28,Profile 235 kbps
2691.704,download,0,1898.81,219452,208.38,Profile 235 kbps
2693.520,download,0,1816.70,209620,208.56,Profile 235 kbps
2695.456,download,0,1935.41,215619,208.63,Profile 235 kbps
2697.367,download,0,1911.05,238651,208.72,Profile 235 kbps
2699.050,download,0,1683.12,262347,209.03,Profile 235 kbps
2700.980,download,0,1929.56,208897,209.10,Profile 235 kbps
2702.716,download,0,1736.49,254808,209.37,Profile 235 kbps
2704.580,download,0,1863.65,264899,209.50,Profile 235 kbps
2706.613,download,0,2033.20,234184,209.47,Profile 235 kbps
2708.365,download,0,1752.05,261448,209.72,Profile 235 kbps
2710.200,download,0,1834.66,246790,209.88,Profile 235 kbps
2711.953,download,0,1752.86,314107,210.13,Profile 235 kbps
2713.887,download,0,1934.43,227573,210.20,Profile 235 kbps
2715.589,download,0,1701.68,247520,210.49,Profile 235 kbps
2717.164,download,0,1575.59,322632,210.92,Profile 235 kbps
2719.270,download,0,2105.64,243894,210.81,Profile 235 kbps
2721.163,download,0,1892.68,196649,210.92,Profile 235 kbps
2722.915,download,0,1752.08,299141,211.17,Profile 235 kbps
2724.945,download,0,2030.55,233975,211.14,Profile 235 kbps
2726.783,download,0,1838.19,286294,211.30,Profile 235 kbps
2728.790,download,0,2006.39,230013,211.29,Profile 235 kbps
2730.475,download,0,1685.32,315235,211.61,Profile 235 kbps
2732.393,download,0,1917.68,252584,211.69,Profile 235 kbps
2734.122,download,0,1729.44,281409,211.96,Profile 235 kbps
2735.984,download,0,1862.17,251079,212.10,Profile 235 kbps
2737.733,download,0,1748.83,228999,212.35,Profile 235 kbps
2739.642,download,0,1909.10,224186,212.44,Profile 235 kbps
2741.614,download,0,1971.68,221050,212.47,Profile 235 kbps
2743.558,download,0,1944.23,194512,212.53,Profile 235 kbps
2745.373,download,0,1815.27,245565,212.71,Profile 235 kbps
2747.288,download,0,1914.48,290505,212.80,Profile 235 kbps
2749.187,download,0,1899.30,262733,212.90,Profile 235 kbps
2750.899,download,0,1712.12,240722,213.18,Profile 235 kbps
2752.703,download,0,1803.67,261871,213.38,Profile 235 kbps
2754.581,download,0,1877.49,284311,213.50,Profile 235 kbps
2756.311,download,0,1730.95,292325,213.77,Profile 235 kbps
2758.385,download,0,2073.65,252707,213.70,Profile 235 kbps
2760.396,download,0,2011.01,223537,213.69,Profile 235 kbps
2762.156,download,0,1759.45,270275,213.93,Profile 235 kbps
2764.023,download,0,1866.97,237746,214.06,Profile 235 kbps
2765.851,download,0,1828.84,263122,214.23,Profile 235 kbps
2767.592,download,0,1740.29,272966,214.49,Profile 235 kbps
2769.404,download,0,1811.95,308486,214.68,Profile 235 kbps
2771.241,download,0,1837.61,208440,214.84,Profile 235 kbps
2772.997,download,0,1755.67,228485,215.09,Profile 235 kbps
2774.988,download,0,1991.48,164409,215.09,Profile 235 kbps
2776.827,download,0,1838.26,274198,215.26,Profile 235 kbps
2778.551,download,0,1724.11,297108,215.53,Profile 235 kbps
2780.528,download,0,1977.50,257542,215.55,Profile 235 kbps
2782.258,download,0,1729.88,264564,215.83,Profile 235 kbps
2784.141,download,0,1882.65,239951,215.94,Profile 235 kbps
2785.965,download,0,1824.63,244495,216.12,Profile 235 kbps
2787.803,download,0,1838.03,219295,216.28,Profile 235 kbps
2789.579,download,0,1775.12,211776,216.50,Profile 235 kbps
2791.330,download,0,1751.82,280887,216.75,Profile 235 kbps
2792.923,download,0,1592.78,300416,217.16,Profile 235 kbps
2794.746,download,0,1822.89,242569,217.34,Profile 235 kbps
2796.678,download,0,1932.11,260775,217.41,Profile 235 kbps
2798.422,download,0,1743.42,227681,217.66,Profile 235 kbps
2800.145,download,0,1723.52,295646,217.94,Profile 235 kbps
2801.851,download,0,1705.71,282444,218.23,Profile 235 kbps
2803.848,download,0,1997.49,272418,218.23,Profile 235 kbps
2805.610,download,0,1761.33,261925,218.47,Profile 235 kbps
2807.246,download,0,1636.56,298773,218.84,Profile 235 kbps
2809.073,download,0,1826.92,258144,219.01,Profile 235 kbps
2810.991,download,0,1917.85,237229,219.09,Profile 235 kbps
2812.888,download,0,1897.52,269944,219.19,Profile 235 kbps
2814.846,download,0,1957.27,253366,219.24,Profile 235 kbps
2816.649,download,0,1802.84,293447,219.43,Profile 235 kbps
2818.378,download,0,1729.84,305554,219.70,Profile 235 kbps
2820.240,download,0,1861.99,276728,219.84,Profile 235 kbps
2822.124,download,0,1883.84,276813,219.96,Profile 235 kbps
2824.152,download,0,2028.15,197157,219.93,Profile 235 kbps
2826.033,download,0,1880.38,258985,220.05,Profile 235 kbps
2827.843,download,0,1810.01,226965,220.24,Profile 235 kbps
2829.775,download,0,1931.75,247129,220.31,Profile 235 kbps
2831.588,download,0,1813.66,263357,220.50,Profile 235 kbps
2833.532,download,0,1943.64,233052,220.55,Profile 235 kbps
2835.249,download,0,1716.80,322926,220.83,Profile 235 kbps
2837.174,download,0,1924.90,256574,220.91,Profile 235 kbps
2839.019,download,0,1845.62,232342,221.06,Profile 235 kbps
2840.896,download,0,1877.21,288028,221.19,Profile 235 kbps
2842.757,download,0,1860.16,277915,221.33,Profile 235 kbps
2844.704,download,0,1947.65,281990,221.38,Profile 235 kbps
2846.728,download,0,2023.30,261390,221.36,Profile 235 kbps
2848.811,download,0,2083.54,212408,221.27,Profile 235 kbps
2850.584,download,0,1773.00,260828,221.50,Profile 235 kbps
2852.459,download,0,1875.27,285305,221.62,Profile 235 kbps
2854.484,download,0,2024.33,233302,221.60,Profile 235 kbps
2856.247,download,0,1763.03,255787,221.84,Profile 235 kbps
2858.139,download,0,1892.42,265776,221.94,Profile 235 kbps
2860.068,download,0,1929.30,215971,222.01,Profile 235 kbps
2861.865,download,0,1796.52,265104,222.22,Profile 235 kbps
2863.862,download,0,1996.73,223766,222.22,Profile 235 kbps
2865.893,download,0,2031.53,207206,222.19,Profile 235 kbps
2867.690,download,0,1797.22,256004,222.39,Profile 235 kbps
2869.562,download,0,1871.88,214851,222.52,Profile 235 kbps
2871.559,download,0,1996.36,244249,222.52,Profile 235 kbps
2873.449,download,0,1890.19,225073,222.63,Profile 235 kbps
2875.543,download,0,2094.16,255132,222.54,Profile 235 kbps
2877.373,download,0,1830.28,213768,222.71,Profile 235 kbps
2879.168,download,0,1794.57,259922,222.92,Profile 235 kbps
2881.020,download,0,1852.32,231765,223.06,Profile 235 kbps
2882.664,download,0,1643.87,244672,223.42,Profile 235 kbps
2884.428,download,0,1764.28,291323,223.65,Profile 235 kbps
2886.416,download,0,1987.64,261741,223.67,Profile 235 kbps
2888.260,download,0,1843.93,240734,223.82,Profile 235 kbps
2890.138,download,0,1877.83,233801,223.95,Profile 235 kbps
2892.177,download,0,2039.10,212403,223.91,Profile 235 kbps
2893.814,download,0,1637.67,310984,224.27,Profile 235 kbps
2895.898,download,0,2083.36,244770,224.19,Profile 235 kbps
2897.599,download,0,1701.12,238986,224.48,Profile 235 kbps
2899.371,download,0,1771.94,264966,224.71,Profile 235 kbps
2901.547,download,0,2176.17,250616,224.54,Profile 235 kbps
2903.468,download,0,1920.52,265850,224.62,Profile 235 kbps
2905.228,download,0,1760.87,271294,224.85,Profile 235 kbps
2907.132,download,0,1903.66,266707,224.95,Profile 235 kbps
2909.110,download,0,1978.18,240896,224.97,Profile 235 kbps
2910.878,download,0,1768.20,242765,225.20,Profile 235 kbps
2912.717,download,0,1838.24,271369,225.37,Profile 235 kbps
2914.547,download,0,1830.43,267247,225.54,Profile 235 kbps
2916.332,download,0,1784.68,287796,225.75,Profile 235 kbps
2918.217,download,0,1885.33,250363,225.87,Profile 235 kbps
2920.136,download,0,1919.30,271654,225.95,Profile 235 kbps
2922.036,download,0,1899.54,237136,226.05,Profile 235 kbps
2923.992,download,0,1956.42,238574,226.09,Profile 235 kbps
2925.978,download,0,1985.96,245048,226.10,Profile 235 kbps
2927.931,download,0,1952.36,291033,226.15,Profile 235 kbps
2929.946,download,0,2015.06,261432,226.14,Profile 235 kbps
2931.731,download,0,1785.11,249262,226.35,Profile 235 kbps
2933.504,download,0,1772.91,276445,226.58,Profile 235 kbps
2935.422,download,0,1918.22,190526,226.66,Profile 235 kbps
2937.434,download,0,2012.12,221303,226.65,Profile 235 kbps
2939.354,download,0,1920.22,205698,226.73,Profile 235 kbps
2941.269,download,0,1914.72,246486,226.81,Profile 235 kbps
2943.092,download,0,1822.98,232555,226.99,Profile 235 kbps
2944.903,download,0,1810.78,290960,227.18,Profile 235 kbps
2946.863,download,0,1959.88,253375,227.22,Profile 235 kbps
2948.648,download,0,1785.77,260348,227.43,Profile 235 kbps
2950.498,download,0,1849.43,276691,227.59,Profile 235 kbps
2952.376,download,0,1877.94,296895,227.71,Profile 235 kbps
2954.280,download,0,1904.12,265815,227.80,Profile 235 kbps
2956.214,download,0,1934.38,228749,227.87,Profile 235 kbps
2957.994,download,0,1779.43,207828,228.09,Profile 235 kbps
2959.677,download,0,1683.58,288637,228.41,Profile 235 kbps
2961.581,download,0,1903.88,283838,228.50,Profile 235 kbps
2963.439,download,0,1857.42,264108,228.64,Profile 235 kbps
2965.415,download,0,1976.34,221152,228.67,Profile 235 kbps
2967.201,download,0,1786.31,257886,228.88,Profile 235 kbps
2968.752,download,0,1550.87,281737,229.33,Profile 235 kbps
2970.461,download,0,1708.77,316331,229.62,Profile 235 kbps
2972.294,download,0,1832.63,230021,229.79,Profile 235 kbps
2974.221,download,0,1927.21,241178,229.86,Profile 235 kbps
2976.196,download,0,1975.19,230418,229.89,Profile 235 kbps
2977.886,download,0,1690.23,272210,230.20,Profile 235 kbps
2979.467,download,0,1580.89,340668,230.62,Profile 235 kbps
2981.385,download,0,1918.29,273973,230.70,Profile 235 kbps
2983.331,download,0,1945.66,247805,230.75,Profile 235 kbps
2985.218,download,0,1887.07,206076,230.87,Profile 235 kbps
2987.073,download,0,1855.32,223737,231.01,Profile 235 kbps
2988.897,download,0,1823.05,219957,231.19,Profile 235 kbps
2990.687,download,0,1790.39,302794,231.40,Profile 235 kbps
2992.504,download,0,1816.98,315169,231.58,Profile 235 kbps
2994.348,download,0,1843.63,240256,231.74,Profile 235 kbps
2995.991,download,0,1643.18,253864,232.09,Profile 235 kbps
2997.801,download,0,1810.79,294995,232.28,Profile 235 kbps
2999.570,download,0,1768.26,241110,232.51,Profile 235 kbps
3001.286,download,0,1716.26,302603,232.80,Profile 235 kbps
3003.086,download,0,1799.93,278300,233.00,Profile 235 kbps
3004.791,download,0,1705.43,305316,233.29,Profile 235 kbps
3006.614,download,0,1822.26,219570,233.47,Profile 235 kbps
3008.445,download,0,1831.55,238806,233.64,Profile 235 kbps
3010.240,download,0,1795.01,229663,233.84,Profile 235 kbps
3012.079,download,0,1839.14,234253,234.00,Profile 235 kbps
3014.023,download,0,1943.75,214369,234.06,Profile 235 kbps
3015.857,download,0,1833.57,276309,234.23,Profile 235 kbps
3017.754,download,0,1897.85,266179,234.33,Profile 235 kbps
3019.926,download,0,2171.87,200517,234.16,Profile 235 kbps
3021.824,download,0,1897.71,254108,234.26,Profile 235 kbps
3023.615,download,0,1791.36,306619,234.47,Profile 235 kbps
3025.240,download,0,1624.39,290999,234.84,Profile 235 kbps
3027.162,download,0,1922.15,253604,234.92,Profile 235 kbps
3029.080,download,0,1918.24,334215,235.00,Profile 235 kbps
3030.707,download,0,1627.03,314600,235.38,Profile 235 kbps
3032.621,download,0,1913.70,252161,235.46,Profile 235 kbps
3034.432,download,0,1810.80,221078,235.65,Profile 235 kbps
3036.174,download,0,1742.13,260370,235.91,Profile 235 kbps
3038.155,download,0,1980.88,225629,235.93,Profile 235 kbps
3039.938,download,0,1782.78,263706,236.15,Profile 235 kbps
3041.914,download,0,1976.01,231699,236.17,Profile 235 kbps
3043.869,download,0,1955.57,261955,236.21,Profile 235 kbps
3045.804,download,0,1934.67,252368,236.28,Profile 235 kbps
3047.728,download,0,1923.83,229002,236.36,Profile 235 kbps
3049.530,download,0,1802.10,264629,236.55,Profile 235 kbps
3051.415,download,0,1885.56,254311,236.67,Profile 235 kbps
3053.371,download,0,1955.55,236210,236.71,Profile 235 kbps
3055.434,download,0,2063.30,224964,236.65,Profile 235 kbps
3057.390,download,0,1955.77,250390,236.69,Profile 235 kbps
3059.408,download,0,2018.47,233083,236.67,Profile 235 kbps
3061.244,download,0,1835.26,305034,236.84,Profile 235 kbps
3063.208,download,0,1964.05,194940,236.88,Profile 235 kbps
3065.058,download,0,1849.93,259560,237.03,Profile 235 kbps
3066.747,download,0,1689.45,239775,237.34,Profile 235 kbps
3068.631,download,0,1883.64,262292,237.45,Profile 235 kbps
3070.578,download,0,1946.93,223683,237.51,Profile 235 kbps
3072.488,download,0,1910.09,240797,237.60,Profile 235 kbps
3074.423,download,0,1934.99,260996,237.66,Profile 235 kbps
3076.260,download,0,1836.94,291345,237.82,Profile 235 kbps
3078.252,download,0,1992.46,285648,237.83,Profile 235 kbps
3080.134,download,0,1882.04,206882,237.95,Profile 235 kbps
3081.910,download,0,1775.65,277731,238.17,Profile 235 kbps
3083.483,download,0,1572.92,278758,238.60,Profile 235 kbps
3085.367,download,0,1884.75,242184,238.72,Profile 235 kbps
3087.153,download,0,1785.55,273412,238.93,Profile 235 kbps
3088.896,download,0,1743.48,268992,239.19,Profile 235 kbps
3090.765,download,0,1868.45,263067,239.32,Profile 235 kbps
3092.706,download,0,1941.29,249706,239.38,Profile 235 kbps
3094.461,download,0,1755.06,250887,239.62,Profile 235 kbps
3096.310,download,0,1848.93,258559,239.77,Profile 235 kbps
3098.031,download,0,1720.45,264428,240.05,Profile 235 kbps
3100.000,download,0,1969.11,266046,240.08,Profile 235 kbps
3101.844,download,0,1844.19,251670,240.24,Profile 235 kbps
3103.824,download,0,1979.66,250532,240.26,Profile 235 kbps
3105.513,download,0,1688.94,286831,240.57,Profile 235 kbps
3107.352,download,0,1839.41,246867,240.73,Profile 235 kbps
3109.045,download,0,1693.50,253562,241.04,Profile 235 kbps
3110.823,download,0,1777.27,217728,241.26,Profile 235 kbps
3112.742,download,0,1919.59,234183,241.34,Profile 235 kbps
3114.880,download,0,2137.20,219850,241.20,Profile 235 kbps
3116.864,download,0,1984.48,202826,241.22,Profile 235 kbps
3118.631,download,0,1766.50,286732,241.45,Profile 235 kbps
3120.437,download,0,1806.41,242514,241.65,Profile 235 kbps
3122.423,download,0,1985.95,224312,241.66,Profile 235 kbps
3124.302,download,0,1879.48,239768,241.78,Profile 235 kbps
3126.290,download,0,1987.46,240411,241.79,Profile 235 kbps
3128.030,download,0,1740.15,226959,242.05,Profile 235 kbps
3129.897,download,0,1866.62,255028,242.19,Profile 235 kbps
3131.882,download,0,1985.06,219862,242.20,Profile 235 kbps
3133.734,download,0,1852.61,216400,242.35,Profile 235 kbps
3135.710,download,0,1975.27,230324,242.37,Profile 235 kbps
3137.777,download,0,2067.29,260403,242.31,Profile 235 kbps
3139.541,download,0,1764.65,282364,242.54,Profile 235 kbps
3141.554,download,0,2012.14,243692,242.53,Profile 235 kbps
3143.560,download,0,2006.53,206613,242.52,Profile 235 kbps
3145.291,download,0,1731.13,259701,242.79,Profile 235 kbps
3147.289,download,0,1997.82,231140,242.79,Profile 235 kbps
3149.443,download,0,2153.65,234341,242.64,Profile 235 kbps
3151.230,download,0,1786.80,263810,242.85,Profile 235 kbps
3152.988,download,0,1758.20,270158,243.10,Profile 235 kbps
3154.704,download,0,1715.89,193266,243.38,Profile 235 kbps
3156.654,download,0,1950.18,220082,243.43,Profile 235 kbps
3158.444,download,0,1790.58,268557,243.64,Profile 235 kbps
3160.356,download,0,1911.83,227367,243.73,Profile 235 kbps
3162.228,download,0,1871.55,281837,243.86,Profile 235 kbps
3164.104,download,0,1875.88,233021,243.98,Profile 235 kbps
3166.013,download,0,1908.91,261947,244.07,Profile 235 kbps
3167.845,download,0,1832.44,288590,244.24,Profile 235 kbps
3169.805,download,0,1960.25,284429,244.28,Profile 235 kbps
3171.644,download,0,1838.39,241912,244.44,Profile 235 kbps
3173.449,download,0,1805.38,266280,244.63,Profile 235 kbps
3175.315,download,0,1865.47,295604,244.77,Profile 235 kbps
3177.444,download,0,2129.85,236324,244.64,Profile 235 kbps
3179.261,download,0,1816.21,307612,244.82,Profile 235 kbps
3181.074,download,0,1813.77,252234,245.01,Profile 235 kbps
3182.958,download,0,1883.21,243618,245.13,Profile 235 kbps
3184.704,download,0,1746.74,280485,245.38,Profile 235 kbps
3186.669,download,0,1964.87,207705,245.41,Profile 235 kbps
3188.449,download,0,1779.56,275776,245.63,Profile 235 kbps
3190.244,download,0,1795.20,253779,245.84,Profile 235 kbps
3192.041,download,0,1796.86,257596,246.04,Profile 235 kbps
3193.770,download,0,1729.60,210185,246.31,Profile 235 kbps
3195.726,download,0,1955.29,241511,246.36,Profile 235 kbps
3197.348,download,0,1622.81,263286,246.73,Profile 235 kbps
3199.153,download,0,1804.82,269491,246.93,Profile 235 kbps
3201.058,download,0,1904.57,245712,247.03,Profile 235 kbps
3202.972,download,0,1914.30,251697,247.11,Profile 235 kbps
3204.731,download,0,1759.02,282789,247.35,Profile 235 kbps
3206.703,download,0,1971.52,261293,247.38,Profile 235 kbps
3208.541,download,0,1838.72,234668,247.54,Profile 235 kbps
3210.441,download,0,1899.35,186998,247.64,Profile 235 kbps
3212.468,download,0,2026.91,245241,247.62,Profile 235 kbps
3214.293,download,0,1825.51,247037,247.79,Profile 235 kbps
3216.084,download,0,1790.96,283294,248.00,Profile 235 kbps
3217.863,download,0,1778.84,254058,248.22,Profile 235 kbps
3219.775,download,0,1911.58,279522,248.31,Profile 235 kbps
3221.831,download,0,2056.82,186545,248.25,Profile 235 kbps
3223.614,download,0,1782.47,235341,248.47,Profile 235 kbps
3225.546,download,0,1932.06,217637,248.54,Profile 235 kbps
3227.357,download,0,1810.69,273906,248.73,Profile 235 kbps
3229.306,download,0,1948.95,255087,248.78,Profile 235 kbps
3231.054,download,0,1748.85,269961,249.03,Profile 235 kbps
3232.925,download,0,1870.16,246511,249.16,Profile 235 kbps
3234.883,download,0,1958.10,241209,249.20,Profile 235 kbps
3236.688,download,0,1804.85,283937,249.40,Profile 235 kbps
3238.326,download,0,1638.91,315463,249.76,Profile 235 kbps
3240.073,download,0,1746.62,248123,250.01,Profile 235 kbps
3241.835,download,0,1761.69,272924,250.25,Profile 235 kbps
3243.777,download,0,1942.16,223812,250.31,Profile 235 kbps
3245.394,download,0,1617.44,324710,250.69,Profile 235 kbps
3247.481,download,0,2086.49,270709,250.60,Profile 235 kbps
3249.447,download,0,1965.75,219694,250.64,Profile 235 kbps
3251.224,download,0,1776.90,249203,250.86,Profile 235 kbps
3253.111,download,0,1887.28,249413,250.97,Profile 235 kbps
3255.284,download,0,2173.00,246620,250.80,Profile 235 kbps
3257.149,download,0,1865.69,249653,250.93,Profile 235 kbps
3259.223,download,0,2073.51,217918,250.86,Profile 235 kbps
3261.118,download,0,1894.94,272989,250.97,Profile 235 kbps
3262.863,download,0,1745.27,309375,251.22,Profile 235 kbps
3264.653,download,0,1789.60,294497,251.43,Profile 235 kbps
3266.710,download,0,2057.48,210250,251.37,Profile 235 kbps
3268.429,download,0,1719.17,241437,251.65,Profile 235 kbps
3270.220,download,0,1790.79,240399,251.86,Profile 235 kbps
3271.902,download,0,1681.52,279713,252.18,Profile 235 kbps
3273.787,download,0,1885.32,251509,252.30,Profile 235 kbps
3275.692,download,0,1904.95,240645,252.39,Profile 235 kbps
3277.655,download,0,1962.58,245244,252.43,Profile 235 kbps
3279.468,download,0,1813.65,261589,252.61,Profile 235 kbps
3281.482,download,0,2013.91,232781,252.60,Profile 235 kbps
3283.430,download,0,1947.34,194965,252.65,Profile 235 kbps
3285.368,download,0,1938.08,237514,252.72,Profile 235 kbps
3287.423,download,0,2055.54,217948,252.66,Profile 235 kbps
3289.216,download,0,1792.88,289751,252.87,Profile 235 kbps
3291.050,download,0,1833.66,286914,253.03,Profile 235 kbps
3292.751,download,0,1701.51,341945,253.33,Profile 235 kbps
3294.770,download,0,2018.87,232629,253.31,Profile 235 kbps
3296.576,download,0,1805.87,262890,253.51,Profile 235 kbps
3298.274,download,0,1698.43,260914,253.81,Profile 235 kbps
3300.277,download,0,2002.55,216116,253.81,Profile 235 kbps
3302.088,download,0,1811.18,226465,254.00,Profile 235 kbps
3303.958,download,0,1869.75,281044,254.13,Profile 235 kbps
3305.854,download,0,1896.60,208808,254.23,Profile 235 kbps
3307.719,download,0,1864.73,250850,254.36,Profile 235 kbps
3309.569,download,0,1850.02,229672,254.51,Profile 235 kbps
3311.341,download,0,1772.05,272286,254.74,Profile 235 kbps
3313.057,download,0,1716.25,309899,255.03,Profile 235 kbps
3315.204,download,0,2146.41,229853,254.88,Profile 235 kbps
3317.063,download,0,1859.53,277106,255.02,Profile 235 kbps
3318.849,download,0,1785.60,259986,255.23,Profile 235 kbps
3320.647,download,0,1797.50,260495,255.44,Profile 235 kbps
3322.812,download,0,2165.35,225345,255.27,Profile 235 kbps
3324.757,download,0,1945.13,201496,255.33,Profile 235 kbps
3326.491,download,0,1734.01,241382,255.59,Profile 235 kbps
3328.568,download,0,2076.97,242026,255.52,Profile 235 kbps
3330.468,download,0,1899.79,277783,255.62,Profile 235 kbps
3332.211,download,0,1742.75,271630,255.87,Profile 235 kbps
3334.013,download,0,1802.56,255872,256.07,Profile 235 kbps
3335.860,download,0,1847.36,282461,256.22,Profile 235 kbps
3337.610,download,0,1750.06,268411,256.47,Profile 235 kbps
3339.451,download,0,1840.32,265084,256.63,Profile 235 kbps
3341.240,download,0,1789.41,275765,256.84,Profile 235 kbps
3343.133,download,0,1893.08,235155,256.95,Profile 235 kbps
3344.895,download,0,1761.78,264288,257.19,Profile 235 kbps
3346.664,download,0,1769.12,266021,257.42,Profile 235 kbps
3348.729,download,0,2064.54,246719,257.35,Profile 235 kbps
3350.612,download,0,1882.81,242939,257.47,Profile 235 kbps
3352.288,download,0,1676.37,285110,257.80,Profile 235 kbps
3354.056,download,0,1768.03,310606,258.03,Profile 235 kbps
3356.073,download,0,2017.50,163506,258.01,Profile 235 kbps
3357.940,download,0,1866.33,239537,258.14,Profile 235 kbps
3359.837,download,0,1897.23,244550,258.25,Profile 235 kbps
3361.554,download,0,1716.58,309513,258.53,Profile 235 kbps
3363.335,download,0,1781.63,260570,258.75,Profile 235 kbps
3365.376,download,0,2040.79,244282,258.71,Profile 235 kbps
3367.086,download,0,1710.34,287980,259.00,Profile 235 kbps
3368.926,download,0,1839.73,275232,259.16,Profile 235 kbps
3370.871,download,0,1944.86,215777,259.21,Profile 235 kbps
3372.793,download,0,1922.21,238292,259.29,Profile 235 kbps
3374.535,download,0,1742.17,253266,259.55,Profile 235 kbps
3376.300,download,0,1764.56,237811,259.78,Profile 235 kbps
3378.184,download,0,1883.71,275456,259.90,Profile 235 kbps
3380.034,download,0,1850.60,303586,260.05,Profile 235 kbps
3382.004,download,0,1969.96,206583,260.08,Profile 235 kbps
3383.793,download,0,1788.81,286908,260.29,Profile 235 kbps
3385.788,download,0,1994.53,225529,260.30,Profile 235 kbps
3387.626,download,0,1838.10,245959,260.46,Profile 235 kbps
3389.719,download,0,2093.85,250738,260.36,Profile 235 kbps
3391.437,download,0,1717.06,277112,260.65,Profile 235 kbps
3393.407,download,0,1970.80,227230,260.68,Profile 235 kbps
3395.447,download,0,2040.14,248473,260.64,Profile 235 kbps
3397.424,download,0,1976.39,253848,260.66,Profile 235 kbps
3399.287,download,0,1863.09,254940,260.80,Profile 235 kbps
3401.242,download,0,1954.71,259185,260.84,Profile 235 kbps
3403.193,download,0,1951.58,245188,260.89,Profile 235 kbps
3405.100,download,0,1906.57,224508,260.98,Profile 235 kbps
3406.881,download,0,1781.16,265890,261.20,Profile 235 kbps
3408.750,download,0,1869.10,260721,261.33,Profile 235 kbps
3410.785,download,0,2034.69,243835,261.30,Profile 235 kbps
3412.503,download,0,1718.25,269069,261.58,Profile 235 kbps
3414.554,download,0,2050.70,237152,261.53,Profile 235 kbps
3416.312,download,0,1758.03,236902,261.77,Profile 235 kbps
3418.160,download,0,1848.38,260215,261.92,Profile 235 kbps
3420.114,download,0,1953.90,239340,261.97,Profile 235 kbps
3422.106,download,0,1992.02,220086,261.98,Profile 235 kbps
3423.920,download,0,1814.13,261410,262.16,Profile 235 kbps
3425.671,download,0,1750.84,296648,262.41,Profile 235 kbps
3427.609,download,0,1937.68,256896,262.47,Profile 235 kbps
3429.445,download,0,1835.98,226700,262.64,Profile 235 kbps
3431.363,download,0,1918.77,233850,262.72,Profile 235 kbps
3433.065,download,0,1701.26,263588,263.02,Profile 235 kbps
3434.882,download,0,1817.21,243458,263.20,Profile 235 kbps
3436.791,download,0,1908.64,273208,263.29,Profile 235 kbps
3438.608,download,0,1817.03,277142,263.48,Profile 235 kbps
3440.565,download,0,1957.65,228535,263.52,Profile 235 kbps
3442.450,download,0,1884.64,271195,263.63,Profile 235 kbps
3444.341,download,0,1891.21,246936,263.74,Profile 235 kbps
3446.115,download,0,1774.25,273986,263.97,Profile 235 kbps
3447.931,download,0,1815.43,267110,264.15,Profile 235 kbps
3449.652,download,0,1720.88,294715,264.43,Profile 235 kbps
3451.622,download,0,1969.98,286395,264.46,Profile 235 kbps
3453.561,download,0,1938.95,262980,264.52,Profile 235 kbps
3455.236,download,0,1675.84,244959,264.85,Profile 235 kbps
3457.070,download,0,1833.87,246613,265.01,Profile 235 kbps
3458.861,download,0,1790.40,272941,265.22,Profile 235 kbps
3460.688,download,0,1827.16,258758,265.40,Profile 235 kbps
3462.528,download,0,1840.16,320750,265.56,Profile 235 kbps
3464.441,download,0,1912.71,261912,265.64,Profile 235 kbps
3466.333,download,0,1892.73,231509,265.75,Profile 235 kbps
3468.230,download,0,1897.07,214996,265.85,Profile 235 kbps
3470.144,download,0,1913.40,267733,265.94,Profile 235 kbps
3472.048,download,0,1904.33,235144,266.04,Profile 235 kbps
3473.994,download,0,1946.14,246259,266.09,Profile 235 kbps
3475.709,download,0,1714.83,245020,266.37,Profile 235 kbps
3477.509,download,0,1800.03,288257,266.57,Profile 235 kbps
3479.576,download,0,2066.78,198636,266.51,Profile 235 kbps
3481.294,download,0,1718.09,292334,266.79,Profile 235 kbps
3483.308,download,0,2013.42,218145,266.78,Profile 235 kbps
3485.255,download,0,1947.33,204362,266.83,Profile 235 kbps
3487.289,download,0,2034.55,231485,266.79,Profile 235 kbps
3489.239,download,0,1949.60,251395,266.84,Profile 235 kbps
3490.944,download,0,1705.16,276263,267.14,Profile 235 kbps
3492.844,download,0,1899.47,238390,267.24,Profile 235 kbps
3494.735,download,0,1890.95,266698,267.35,Profile 235 kbps
3496.634,download,0,1899.37,264382,267.45,Profile 235 kbps
3498.327,download,0,1692.95,271384,267.76,Profile 235 kbps
3499.975,download,0,1648.26,257993,268.11,Profile 235 kbps
3501.823,download,0,1848.29,289672,268.26,Profile 235 kbps
3503.698,download,0,1874.92,235044,268.38,Profile 235 kbps
3505.488,download,0,1790.09,288843,268.59,Profile 235 kbps
3507.465,download,0,1976.72,213991,268.62,Profile 235 kbps
3509.436,download,0,1970.32,243189,268.65,Profile 235 kbps
3511.394,download,0,1958.89,242632,268.69,Profile 235 kbps
3513.344,download,0,1949.86,220677,268.74,Profile 235 kbps
3515.202,download,0,1857.56,270075,268.88,Profile 235 kbps
3517.156,download,0,1953.81,234336,268.93,Profile 235 kbps
3518.954,download,0,1798.88,266819,269.13,Profile 235 kbps
3520.709,download,0,1754.93,281282,269.37,Profile 235 kbps
3522.749,download,0,2039.79,227035,269.33,Profile 235 kbps
3524.544,download,0,1795.07,275149,269.54,Profile 235 kbps
3526.306,download,0,1761.31,297733,269.78,Profile 235 kbps
3528.006,download,0,1700.39,261478,270.08,Profile 235 kbps
3529.845,download,0,1839.01,257543,270.24,Profile 235 kbps
3531.791,download,0,1946.34,236518,270.29,Profile 235 kbps
3533.636,download,0,1844.52,231584,270.45,Profile 235 kbps
3535.513,download,0,1876.87,264751,270.57,Profile 235 kbps
3537.254,download,0,1741.01,291531,270.83,Profile 235 kbps
3539.085,download,0,1830.87,256316,271.00,Profile 235 kbps
3540.888,download,0,1803.73,258979,271.19,Profile 235 kbps
3542.898,download,0,2009.24,242297,271.19,Profile 235 kbps
3544.711,download,0,1813.09,278747,271.37,Profile 235 kbps
3546.492,download,0,1781.26,263930,271.59,Profile 235 kbps
3548.530,download,0,2037.82,207579,271.55,Profile 235 kbps
3550.453,download,0,1923.50,226653,271.63,Profile 235 kbps
3552.397,download,0,1943.97,245279,271.69,Profile 235 kbps
3554.382,download,0,1985.19,238985,271.70,Profile 235 kbps
3556.346,download,0,1963.26,245624,271.74,Profile 235 kbps
3558.153,download,0,1806.91,270995,271.93,Profile 235 kbps
3559.954,download,0,1801.28,253824,272.13,Profile 235 kbps
3561.853,download,0,1898.80,241344,272.23,Profile 235 kbps
3563.579,download,0,1726.83,276121,272.50,Profile 235 kbps
3565.553,download,0,1973.18,230978,272.53,Profile 235 kbps
3567.330,download,0,1777.45,268785,272.75,Profile 235 kbps
3569.263,download,0,1932.74,219659,272.82,Profile 235 kbps
3571.108,download,0,1845.59,210019,272.97,Profile 235 kbps
3572.928,download,0,1820.02,257747,273.15,Profile 235 kbps
3574.915,download,0,1986.06,259296,273.17,Profile 235 kbps
3576.798,download,0,1883.91,233582,273.28,Profile 235 kbps
3578.817,download,0,2018.23,237186,273.27,Profile 235 kbps
3580.614,download,0,1796.95,275293,273.47,Profile 235 kbps
3582.543,download,0,1929.24,215367,273.54,Profile 235 kbps
3584.262,download,0,1719.49,250233,273.82,Profile 235 kbps
3586.096,download,0,1833.83,249074,273.99,Profile 235 kbps
3588.004,download,0,1908.11,241311,274.08,Profile 235 kbps
3589.967,download,0,1962.67,219635,274.12,Profile 235 kbps
3591.742,download,0,1775.52,272020,274.34,Profile 235 kbps
3593.666,download,0,1923.61,201758,274.42,Profile 235 kbps
3595.612,download,0,1945.83,232814,274.47,Profile 235 kbps
3597.424,download,0,1811.81,259357,274.66,Profile 235 kbps
3599.169,download,0,1745.27,269583,274.91,Profile 235 kbps
3601.013,download,0,1844.36,251139,275.07,Profile 235 kbps
